site,plot,species,diameter,height,weight
59,c,Poa secunda,0.7,1,0.01
65,b,PG19,1,7,0.01
67,b,Poa secunda,0.3,2,0.01
52,b,Elymus elymoides,0.3,7,0.02
57,b,Poa secunda,0.3,5,0.02
59,b,Poa secunda,0.8,3,0.02
59,b,Poa secunda,0.1,5,0.02
59,c,Poa secunda,0.6,2,0.02
59,c,Poa secunda,0.2,1,0.02
59,d,Poa secunda,0.5,2,0.02
59,d,Poa secunda,0.5,2,0.02
59,d,Poa secunda,0.4,5,0.02
59,d,Poa secunda,0.4,4,0.02
60,d,Poa secunda,0.6,1,0.02
61,a,Poa secunda,0.3,4,0.02
61,b,PG09,1.2,7,0.02
62,b,Poa secunda,0.5,3,0.02
63,b,Poa secunda,0.3,2,0.02
66,a,Poa secunda,0.6,4,0.02
67,a,Poa secunda,0.8,2,0.02
67,d,Poa secunda,0.3,3,0.02
68,b,Poa secunda,0.5,6,0.02
68,b,Poa secunda,0.5,4,0.02
68,b,Poa secunda,0.3,2,0.02
68,b,Poa secunda,0.3,4,0.02
68,c,Hesperostipa comata,0.2,9,0.02
68,c,Poa secunda,1.1,2,0.02
68,c,Poa secunda,0.4,2,0.02
68,d,Poa secunda,0.6,3,0.02
53,d,Poa secunda,0.2,7,0.03
53,d,Elymus elymoides,0.1,12,0.03
54,c,Poa secunda,0.6,3,0.03
56,b,Poa secunda,0.8,4,0.03
56,d,Poa secunda,0.9,3,0.03
58,a,Elymus elymoides,0.3,5,0.03
60,a,Poa secunda,0.5,2,0.03
60,a,Poa secunda,0.5,2,0.03
60,a,Poa secunda,0.7,2,0.03
60,c,Poa secunda,0.9,2,0.03
60,d,Poa secunda,0.5,3,0.03
60,d,Poa secunda,0.2,6,0.03
61,a,Poa secunda,0.7,4,0.03
61,b,Poa secunda,0.3,4,0.03
61,d,Poa secunda,0.4,7,0.03
61,d,Poa secunda,1,10,0.03
62,a,PG11,0.3,10,0.03
62,b,Poa secunda,0.6,3,0.03
64,b,Poa secunda,0.4,3,0.03
64,d,Poa secunda,0.2,11,0.03
64,d,Elymus elymoides,0.2,11,0.03
65,a,PG20,0.5,6,0.03
65,b,PG19,1,12,0.03
65,b,PG20,0.3,10,0.03
67,b,Poa secunda,0.2,3,0.03
67,b,Poa secunda,0.4,2,0.03
67,c,Poa secunda,0.4,5,0.03
67,c,Poa secunda,0.4,4,0.03
68,b,Poa secunda,0.6,4,0.03
68,c,Poa secunda,1.4,1,0.03
68,c,Poa secunda,0.5,1,0.03
68,c,Poa secunda,0.7,6,0.03
54,b,Achnatherum hymenoides,0.3,10,0.04
54,b,Elymus elymoides,0.4,18,0.04
54,b,Elymus elymoides,0.7,8,0.04
56,b,Poa secunda,4.1,4,0.04
56,d,Poa secunda,0.7,3,0.04
57,a,Poa secunda,0.5,3,0.04
60,a,Poa secunda,0.7,3,0.04
60,a,Poa secunda,0.2,3,0.04
60,b,Poa secunda,1,3,0.04
60,b,Poa secunda,0.9,2,0.04
60,c,Poa secunda,0.8,2,0.04
62,a,Poa secunda,0.9,2,0.04
62,b,Poa secunda,0.7,6,0.04
62,c,Poa secunda,0.8,5,0.04
62,d,Poa secunda,0.7,3,0.04
63,a,Poa secunda,1.5,4,0.04
63,a,Poa secunda,0.6,9,0.04
63,d,Poa secunda,0.7,6,0.04
65,a,PG17,1.8,3,0.04
65,b,PG20,0.7,8,0.04
65,d,PG18,0.2,14,0.04
67,b,Poa secunda,0.9,2,0.04
67,d,Pseudoroegneria spicata,1.2,8,0.04
68,a,Hesperostipa comata,0.4,7,0.04
68,b,Hesperostipa comata,0.7,7,0.04
68,b,Poa secunda,0.3,4,0.04
68,b,Poa secunda,0.6,2,0.04
68,c,Poa secunda,0.4,3,0.04
68,d,Poa secunda,0.5,2,0.04
68,d,Poa secunda,0.8,2,0.04
52,d,Poa secunda,0.6,6,0.05
55,c,Poa secunda,0.3,12,0.05
55,d,Poa secunda,0.5,4,0.05
55,d,Poa secunda,0.7,9,0.05
56,d,Poa secunda,0.4,4,0.05
58,a,Poa secunda,0.4,4,0.05
59,b,Poa secunda,0.7,3,0.05
59,c,Poa secunda,0.9,3,0.05
59,d,Poa secunda,0.8,3,0.05
59,d,Poa secunda,1.1,3,0.05
60,a,Poa secunda,0.6,3,0.05
60,d,Poa secunda,0.5,5,0.05
61,b,Poa secunda,0.6,5,0.05
62,a,PG11,0.4,9,0.05
62,b,Poa secunda,0.6,4,0.05
62,b,Poa secunda,0.5,7,0.05
63,b,Poa secunda,0.2,3,0.05
65,b,PG18,0.3,24,0.05
65,c,PG19,0.8,8,0.05
65,c,PG18,0.3,8,0.05
67,a,Poa secunda,1,3,0.05
67,b,Elymus elymoides,0.6,9,0.05
67,d,Poa secunda,0.6,6,0.05
68,b,Poa secunda,0.3,3,0.05
68,c,Poa secunda,0.8,3,0.05
68,c,Hesperostipa comata,0.5,8,0.05
68,d,Poa secunda,0.9,2,0.05
68,d,Poa secunda,0.9,4,0.05
52,b,Elymus elymoides,0.6,8,0.06
52,d,Poa secunda,0.6,4,0.06
53,c,Poa secunda,0.6,3,0.06
53,d,Poa secunda,1.1,3,0.06
54,b,Elymus elymoides,0.2,10,0.06
55,b,Poa secunda,0.8,13,0.06
56,d,Poa secunda,1.3,1,0.06
58,a,Poa secunda,1.7,6,0.06
58,a,Poa secunda,0.4,12,0.06
58,c,Elymus elymoides,0.8,5,0.06
60,a,Poa secunda,1,7,0.06
61,a,Poa secunda,1,6,0.06
61,b,PG10,0.6,9,0.06
61,c,Poa secunda,0.4,5,0.06
62,a,Poa secunda,0.5,5,0.06
62,a,Poa secunda,1.5,4,0.06
62,a,Poa secunda,0.6,3,0.06
62,b,Poa secunda,0.3,4,0.06
62,b,Poa secunda,0.5,4,0.06
64,b,Poa secunda,0.5,4,0.06
64,d,Elymus elymoides,0.2,11,0.06
65,c,PG18,0.2,16,0.06
65,d,PG19,0.8,15,0.06
67,c,Elymus elymoides,0.4,8,0.06
67,c,Elymus elymoides,0.7,7,0.06
68,a,Poa secunda,1,3,0.06
68,a,Poa secunda,1.5,4,0.06
68,b,Poa secunda,0.3,3,0.06
68,c,Hesperostipa comata,0.9,8,0.06
68,d,Poa secunda,0.9,5,0.06
53,a,Poa secunda,0.9,11,0.07
55,b,Poa secunda,4.3,4,0.07
55,c,Poa secunda,0.4,6,0.07
57,d,Poa secunda,0.6,5,0.07
59,b,Poa secunda,1.1,2,0.07
59,c,Poa secunda,1.9,2,0.07
60,c,Poa secunda,0.6,4,0.07
61,d,Poa secunda,0.7,11,0.07
61,d,Poa secunda,0.6,6,0.07
61,d,Poa secunda,0.7,5,0.07
62,a,Poa secunda,0.7,4,0.07
62,a,Poa secunda,0.8,6,0.07
62,b,Poa secunda,1.1,5,0.07
62,b,Poa secunda,1.4,2,0.07
62,b,Poa secunda,0.7,2,0.07
62,d,Poa secunda,1.2,3,0.07
64,d,Elymus elymoides,0.7,7,0.07
65,a,PG17,1.3,4,0.07
65,c,Hesperostipa comata,0.8,10,0.07
65,c,PG19,0.4,22,0.07
65,c,PG19,0.5,15,0.07
66,b,Poa secunda,0.6,5,0.07
67,b,Poa secunda,1.3,3,0.07
68,a,Poa secunda,2.1,2,0.07
68,b,Poa secunda,1.9,3,0.07
68,d,Poa secunda,0.6,4,0.07
55,a,Poa secunda,0.6,6,0.08
56,d,Elymus elymoides,0.5,18,0.08
56,d,Elymus elymoides,0.5,16,0.08
57,d,Hesperostipa comata,0.7,10,0.08
59,c,Poa secunda,0.6,5,0.08
60,a,Poa secunda,1.3,4,0.08
60,a,Poa secunda,0.8,7,0.08
60,a,Poa secunda,0.6,7,0.08
60,b,Poa secunda,1,1,0.08
60,c,Poa secunda,0.7,9,0.08
60,d,Hesperostipa comata,0.9,5,0.08
60,d,Hesperostipa comata,1.6,8,0.08
61,a,Poa secunda,1.1,2,0.08
61,b,Poa secunda,0.8,2,0.08
61,b,Poa secunda,0.9,4,0.08
61,b,Poa secunda,3.8,2,0.08
62,d,Poa secunda,2.6,3,0.08
64,b,Achnatherum hymenoides,0.5,6,0.08
64,b,Hesperostipa comata,1.4,11,0.08
64,b,Elymus elymoides,0.7,12,0.08
65,b,PG18,0.5,10,0.08
66,d,Elymus elymoides,1.3,7,0.08
66,d,Elymus elymoides,0.8,9,0.08
67,b,Poa secunda,0.5,4,0.08
67,d,Elymus elymoides,0.7,14,0.08
67,d,Poa secunda,0.6,3,0.08
68,a,Poa secunda,1,5,0.08
68,a,Poa secunda,1,4,0.08
68,a,Poa secunda,0.7,10,0.08
68,b,Hesperostipa comata,0.8,7,0.08
68,c,Poa secunda,1,5,0.08
68,c,Poa secunda,1,4,0.08
68,d,Poa secunda,0.7,2,0.08
68,d,Poa secunda,0.5,2,0.08
68,d,Hesperostipa comata,0.4,11,0.08
53,d,Elymus elymoides,0.3,14,0.09
53,d,Elymus elymoides,0.4,15,0.09
53,d,Elymus elymoides,0.2,9,0.09
55,b,Poa secunda,0.9,13,0.09
55,d,Poa secunda,0.9,3,0.09
56,a,Poa secunda,0.9,6,0.09
56,c,Poa secunda,1.1,10,0.09
56,c,Poa secunda,1.9,5,0.09
58,a,Elymus elymoides,0.7,7,0.09
58,b,Elymus elymoides,0.2,23,0.09
59,c,Poa secunda,0.7,2,0.09
60,a,Poa secunda,0.6,2,0.09
60,d,Poa secunda,0.6,9,0.09
61,a,Poa secunda,0.9,4,0.09
61,a,Poa secunda,0.2,16,0.09
61,c,Poa secunda,2.3,5,0.09
62,b,Poa secunda,0.7,5,0.09
62,b,PG11,0.3,20,0.09
62,c,Poa secunda,3,4,0.09
63,a,Poa secunda,0.6,6,0.09
64,c,Poa secunda,0.8,9,0.09
64,c,Poa secunda,0.3,9,0.09
64,d,Poa secunda,1,5,0.09
65,a,PG18,0.4,20,0.09
65,b,PG18,0.7,8,0.09
65,c,PG18,0.8,10,0.09
65,c,Hesperostipa comata,0.3,9,0.09
65,d,PG19,1.6,14,0.09
67,d,Poa secunda,0.3,4,0.09
68,a,Poa secunda,1.7,3,0.09
68,c,Poa secunda,1,5,0.09
53,c,Elymus elymoides,0.2,11,0.1
54,d,Poa secunda,0.5,7,0.1
55,c,Poa secunda,0.9,4,0.1
58,d,Elymus elymoides,0.5,13,0.1
60,a,Poa secunda,0.3,8,0.1
60,d,Poa secunda,1.2,3,0.1
61,c,Poa secunda,0.8,7,0.1
61,d,Poa secunda,0.7,4,0.1
62,a,Poa secunda,1,2,0.1
62,a,Poa secunda,2.5,4,0.1
62,b,Poa secunda,1.8,4,0.1
63,a,Poa secunda,1.3,5,0.1
63,d,Poa secunda,1.8,4,0.1
64,c,Elymus elymoides,0.6,11,0.1
64,d,Elymus elymoides,0.5,15,0.1
64,d,Poa secunda,0.7,7,0.1
65,b,PG17,2,7,0.1
65,c,PG18,0.7,19,0.1
66,b,Poa secunda,0.6,6,0.1
67,b,Poa secunda,1,3,0.1
67,b,Poa secunda,11,3,0.1
67,c,Pseudoroegneria spicata,0.5,13,0.1
68,a,Poa secunda,0.9,3,0.1
68,b,Poa secunda,2.1,3,0.1
68,b,Poa secunda,1.3,3,0.1
68,c,Poa secunda,1,3,0.1
52,d,Poa secunda,0.7,8,0.11
53,a,Elymus elymoides,0.9,11,0.11
53,b,Elymus elymoides,0.5,10,0.11
53,c,Elymus elymoides,2.2,10,0.11
55,b,Poa secunda,1.2,4,0.11
55,b,Poa secunda,1,6,0.11
55,b,Poa secunda,0.8,11,0.11
55,c,Poa secunda,1.2,4,0.11
55,d,Poa secunda,0.7,5,0.11
56,b,Poa secunda,2,13,0.11
56,c,Poa secunda,1,5,0.11
56,d,Elymus elymoides,0.5,22,0.11
57,b,Poa secunda,1.4,3,0.11
59,c,Poa secunda,0.8,4,0.11
59,d,Poa secunda,0.7,4,0.11
59,d,Poa secunda,1.4,2,0.11
59,d,Poa secunda,1.1,3,0.11
60,a,Poa secunda,0.3,6,0.11
60,a,Poa secunda,1,3,0.11
60,c,Poa secunda,0.8,3,0.11
61,b,Poa secunda,0.5,18,0.11
61,d,PG09,1.2,14,0.11
62,d,Poa secunda,1.2,4,0.11
62,d,Poa secunda,0.7,8,0.11
63,b,Poa secunda,0.3,9,0.11
64,a,Elymus elymoides,1.1,11,0.11
64,b,Hesperostipa comata,0.3,17,0.11
65,a,PG18,1,12,0.11
65,d,PG19,0.7,8,0.11
65,d,PG19,1.3,11,0.11
65,d,PG19,1.2,13,0.11
66,a,Poa secunda,0.2,6,0.11
66,d,Poa secunda,0.7,6,0.11
67,b,Poa secunda,1.2,3,0.11
68,a,Hesperostipa comata,1.1,6,0.11
68,a,Poa secunda,0.8,3,0.11
68,b,Hesperostipa comata,0.9,10,0.11
68,c,Poa secunda,1.9,4,0.11
68,d,Poa secunda,1.6,6,0.11
68,d,Poa secunda,0.6,3,0.11
54,a,Elymus elymoides,0.7,8,0.12
54,a,Elymus elymoides,1,8,0.12
55,c,Poa secunda,0.6,10,0.12
57,a,Poa secunda,1,3,0.12
57,c,Hesperostipa comata,0.5,22,0.12
57,d,Poa secunda,1.6,4,0.12
58,a,Poa secunda,0.7,6,0.12
60,b,Poa secunda,0.7,4,0.12
60,c,Poa secunda,0.8,9,0.12
63,a,PG14,1.5,12,0.12
63,b,PG14,1.7,9,0.12
64,d,Elymus elymoides,0.5,15,0.12
65,a,PG18,0.7,13,0.12
65,d,PG19,2.2,10,0.12
66,b,Elymus elymoides,0.7,13,0.12
66,d,Elymus elymoides,1,6,0.12
67,a,Poa secunda,1.1,7,0.12
67,d,Poa secunda,1,3,0.12
68,a,Elymus elymoides,0.4,15,0.12
68,a,Poa secunda,2.8,3,0.12
68,a,Poa secunda,2.3,3,0.12
68,a,Hesperostipa comata,0.7,12,0.12
68,b,Hesperostipa comata,1.3,9,0.12
68,c,Hesperostipa comata,1.8,10,0.12
68,c,Poa secunda,1.4,4,0.12
68,c,Poa secunda,1.9,4,0.12
68,c,Poa secunda,1.2,4,0.12
53,c,Hesperostipa comata,1,8,0.13
54,b,Achnatherum hymenoides,1.1,11,0.13
56,d,Poa secunda,4.8,4,0.13
57,a,Elymus elymoides,0.6,9,0.13
58,a,Elymus elymoides,0.5,11,0.13
59,c,Poa secunda,0.6,5,0.13
59,d,Poa secunda,0.6,5,0.13
60,a,Poa secunda,1.6,3,0.13
60,a,Poa secunda,1.5,3,0.13
60,d,Poa secunda,0.4,7,0.13
62,b,Poa secunda,0.8,6,0.13
62,d,Poa secunda,0.3,15,0.13
64,d,Achnatherum hymenoides,0.4,10,0.13
65,a,PG18,0.7,16,0.13
65,c,PG18,0.3,16,0.13
65,c,Hesperostipa comata,0.6,17,0.13
65,c,PG19,1,16,0.13
65,c,Hesperostipa comata,0.7,9,0.13
65,d,PG19,1,16,0.13
66,a,Poa secunda,0.6,10,0.13
66,d,Elymus elymoides,0.5,14,0.13
67,a,Poa secunda,0.9,4,0.13
68,a,Poa secunda,0.4,3,0.13
68,a,Poa secunda,1.7,5,0.13
68,a,Elymus elymoides,0.5,12,0.13
68,b,Hesperostipa comata,1.5,7,0.13
68,b,Elymus elymoides,0.8,7,0.13
68,d,Poa secunda,0.9,2,0.13
68,d,Hesperostipa comata,1.2,11,0.13
53,a,Poa secunda,0.3,9,0.14
53,a,Elymus elymoides,1.3,11,0.14
54,b,Elymus elymoides,0.2,10,0.14
55,c,Elymus elymoides,0.4,13,0.14
56,b,Poa secunda,2.5,5,0.14
56,c,Poa secunda,2,5,0.14
56,c,Poa secunda,0.8,3,0.14
57,a,Poa secunda,0.5,6,0.14
57,a,Poa secunda,0.7,4,0.14
58,a,Poa secunda,1.1,7,0.14
58,c,Elymus elymoides,0.7,18,0.14
60,a,Poa secunda,1.6,3,0.14
60,b,Hesperostipa comata,1.5,7,0.14
60,c,Poa secunda,1.3,3,0.14
60,c,Poa secunda,3,14,0.14
60,d,Poa secunda,1.1,3,0.14
61,b,PG09,1.1,16,0.14
61,b,Poa secunda,0.8,5,0.14
61,d,Poa secunda,1.4,3,0.14
62,c,Poa secunda,1.9,5,0.14
62,d,Poa secunda,1,5,0.14
63,b,Poa secunda,1.2,3,0.14
65,a,PG19,0.7,15,0.14
65,a,PG19,1,24,0.14
65,b,PG20,1.5,7,0.14
65,c,PG18,0.5,18,0.14
65,c,PG18,0.7,17,0.14
65,d,PG19,1.2,11,0.14
66,a,Poa secunda,1.2,7,0.14
67,b,Elymus elymoides,0.7,8,0.14
67,d,Poa secunda,1.8,4,0.14
68,b,Poa secunda,0.7,5,0.14
68,b,Poa secunda,0.6,2,0.14
52,b,Elymus elymoides,0.9,10,0.15
53,c,Poa secunda,1,10,0.15
53,d,Poa secunda,0.9,7,0.15
55,a,Poa secunda,1,4,0.15
55,b,Poa secunda,2.6,7,0.15
55,c,Poa secunda,0.9,10,0.15
55,c,Poa secunda,0.7,6,0.15
56,b,Poa secunda,2.2,11,0.15
57,a,Poa secunda,1.5,9,0.15
57,d,Poa secunda,2.1,6,0.15
58,a,Elymus elymoides,0.6,15,0.15
58,c,Elymus elymoides,0.5,20,0.15
59,b,Poa secunda,0.6,8,0.15
59,d,Poa secunda,1.2,4,0.15
60,b,Poa secunda,2.2,4,0.15
60,b,Poa secunda,3.8,3,0.15
60,c,Poa secunda,0.6,7,0.15
61,b,Poa secunda,1.2,7,0.15
61,c,Poa secunda,1.4,6,0.15
61,c,Poa secunda,3.2,3,0.15
62,a,Poa secunda,1.5,4,0.15
63,d,Poa secunda,0.8,9,0.15
64,a,Hesperostipa comata,2,9,0.15
65,a,PG17,0.3,9,0.15
65,b,PG17,1.1,7,0.15
65,b,PG20,0.9,7,0.15
66,a,Poa secunda,2.6,6,0.15
66,b,Achnatherum hymenoides,0.8,13,0.15
66,c,Elymus elymoides,1.1,14,0.15
67,b,Poa secunda,1.8,15,0.15
67,b,Poa secunda,1.2,3,0.15
67,b,Poa secunda,1.3,6,0.15
68,a,Poa secunda,4,2,0.15
68,c,Hesperostipa comata,1.5,10,0.15
68,d,Poa secunda,3.7,7,0.15
53,c,Elymus elymoides,2.3,4,0.16
54,b,Elymus elymoides,0.4,9,0.16
54,b,Elymus elymoides,0.8,13,0.16
55,a,Poa secunda,2.8,3,0.16
56,c,Poa secunda,3.5,5,0.16
56,c,Poa secunda,0.8,5,0.16
56,c,Poa secunda,1.8,4,0.16
56,c,Hesperostipa comata,1.6,13,0.16
57,b,Poa secunda,2.6,7,0.16
59,b,Poa secunda,1,7,0.16
59,c,Poa secunda,1,2,0.16
59,c,Poa secunda,0.7,11,0.16
60,a,Poa secunda,2.4,4,0.16
60,d,Hesperostipa comata,1.6,12,0.16
61,c,Poa secunda,1.4,2,0.16
62,a,Poa secunda,0.6,3,0.16
62,a,PG11,1.1,17,0.16
62,a,Poa secunda,2.3,6,0.16
62,a,Poa secunda,0.6,5,0.16
62,d,Poa secunda,0.6,10,0.16
63,a,Poa secunda,3.6,4,0.16
63,a,Poa secunda,1.1,8,0.16
63,a,Poa secunda,3.3,3,0.16
64,c,Elymus elymoides,0.3,18,0.16
64,d,Elymus elymoides,0.3,17,0.16
65,c,PG18,0.5,19,0.16
66,c,Elymus elymoides,0.3,12,0.16
66,c,Elymus elymoides,0.8,12,0.16
66,d,Elymus elymoides,0.7,8,0.16
67,c,Poa secunda,2.4,2,0.16
67,c,Poa secunda,0.7,4,0.16
68,a,Poa secunda,1.3,4,0.16
68,c,Hesperostipa comata,1,8,0.16
68,c,Poa secunda,1.9,3,0.16
53,d,Poa secunda,3.6,7,0.17
53,d,Elymus elymoides,0.6,14,0.17
54,c,Poa secunda,1,7,0.17
56,a,Poa secunda,1.3,3,0.17
56,b,Poa secunda,1,3,0.17
58,a,Elymus elymoides,0.4,19,0.17
58,b,Elymus elymoides,1.6,10,0.17
58,c,Elymus elymoides,0.5,22,0.17
59,a,Poa secunda,0.7,5,0.17
60,c,Poa secunda,2.1,4,0.17
60,d,Poa secunda,2.3,3,0.17
62,a,Poa secunda,2.2,3,0.17
62,a,Poa secunda,2.5,13,0.17
63,b,Poa secunda,1.4,4,0.17
63,c,PG14,1.2,15,0.17
64,a,Hesperostipa comata,1.7,13,0.17
64,c,Poa secunda,0.5,7,0.17
65,a,PG18,1.3,17,0.17
66,a,Poa secunda,1.3,10,0.17
66,b,Elymus elymoides,0.8,15,0.17
66,d,Poa secunda,0.5,9,0.17
67,a,Elymus elymoides,6,13,0.17
67,a,Poa secunda,1.2,6,0.17
67,c,Elymus elymoides,1,17,0.17
68,b,Poa secunda,1.1,2,0.17
68,b,Poa secunda,3.8,3,0.17
53,b,Poa secunda,1,3,0.18
53,d,Poa secunda,1,6,0.18
54,b,Elymus elymoides,0.6,13,0.18
55,d,Poa secunda,1.4,7,0.18
56,d,Hesperostipa comata,1.7,10,0.18
57,a,Hesperostipa comata,1.1,11,0.18
57,a,Poa secunda,2.6,3,0.18
57,a,Elymus elymoides,1,8,0.18
58,d,Elymus elymoides,1,19,0.18
59,d,Poa secunda,4.4,4,0.18
60,b,Poa secunda,1.2,3,0.18
60,c,Poa secunda,1.6,3,0.18
60,d,Hesperostipa comata,1.1,10,0.18
61,c,Poa secunda,3.4,3,0.18
61,c,Poa secunda,2,3,0.18
61,d,agropyron cristatum,1.5,13,0.18
62,d,Poa secunda,2.8,7,0.18
62,d,Poa secunda,1,3,0.18
63,a,PG14,1.1,29,0.18
63,c,Poa secunda,1.4,5,0.18
64,a,Achnatherum hymenoides,0.6,22,0.18
64,b,Achnatherum hymenoides,2.1,11,0.18
64,c,Poa secunda,0.5,18,0.18
64,d,Poa secunda,1.1,6,0.18
65,a,PG20,0.8,12,0.18
65,a,PG18,1.4,11,0.18
66,a,Poa secunda,2.1,3,0.18
66,a,Poa secunda,0.6,8,0.18
66,c,Elymus elymoides,0.7,12,0.18
66,d,Elymus elymoides,1.1,19,0.18
68,a,Hesperostipa comata,1.7,6,0.18
68,b,Hesperostipa comata,0.3,22,0.18
68,d,Poa secunda,0.8,2,0.18
68,d,Poa secunda,1.2,3,0.18
54,b,Elymus elymoides,0.8,12,0.19
55,b,Elymus elymoides,1.2,12,0.19
55,c,Poa secunda,0.8,10,0.19
56,a,Poa secunda,0.8,12,0.19
57,a,Elymus elymoides,0.9,18,0.19
58,c,Elymus elymoides,0.8,13,0.19
60,c,Poa secunda,0.1,7,0.19
60,d,Poa secunda,3.9,2,0.19
62,b,PG11,1.1,13,0.19
62,b,Elymus elymoides,0.6,11,0.19
62,b,Poa secunda,1.2,7,0.19
63,b,Poa secunda,1.1,4,0.19
63,c,Poa secunda,1.1,3,0.19
64,b,Elymus elymoides,1.1,9,0.19
66,c,Elymus elymoides,0.3,7,0.19
67,a,Elymus elymoides,1,14,0.19
67,c,Poa secunda,0.3,25,0.19
68,a,Poa secunda,4.5,3,0.19
68,b,Poa secunda,2.3,3,0.19
68,d,Poa secunda,3.3,3,0.19
68,d,Poa secunda,1.3,2,0.19
53,c,Poa secunda,2.1,7,0.2
53,d,Poa secunda,0.8,7,0.2
54,b,Elymus elymoides,0.6,15,0.2
56,b,Poa secunda,3.2,3,0.2
57,b,Poa secunda,2.1,3,0.2
57,d,Poa secunda,1.5,8,0.2
58,a,Poa secunda,0.8,9,0.2
58,c,Elymus elymoides,0.5,23,0.2
59,a,Poa secunda,2.2,6,0.2
59,d,Poa secunda,0.9,6,0.2
60,a,Poa secunda,1.4,3,0.2
60,a,Poa secunda,0.3,11,0.2
60,d,Poa secunda,1,3,0.2
61,c,Poa secunda,0.9,11,0.2
62,a,Poa secunda,1,5,0.2
62,b,Poa secunda,0.5,17,0.2
62,c,Poa secunda,1.6,5,0.2
63,b,Poa secunda,1.2,5,0.2
63,d,Poa secunda,1,6,0.2
64,a,Poa secunda,1.2,4,0.2
64,b,Elymus elymoides,0.5,21,0.2
64,c,Poa secunda,1.2,6,0.2
65,a,PG19,1.1,25,0.2
65,c,PG19,1.3,11,0.2
65,c,PG17,1.4,12,0.2
66,a,Elymus elymoides,1.7,7,0.2
53,a,Poa secunda,1.5,4,0.21
53,b,Poa secunda,2.9,6,0.21
55,b,Elymus elymoides,1.5,10,0.21
55,c,Poa secunda,1.2,15,0.21
56,d,Poa secunda,0.7,7,0.21
57,b,Poa secunda,0.5,10,0.21
57,c,Poa secunda,4.1,2,0.21
58,a,Elymus elymoides,0.4,11,0.21
59,c,Poa secunda,1.4,7,0.21
60,b,Hesperostipa comata,2.1,8,0.21
61,a,PG10,1.2,9,0.21
62,a,Poa secunda,2,7,0.21
62,c,Poa secunda,1,8,0.21
63,b,Poa secunda,3.8,5,0.21
63,c,PG15,0.6,18,0.21
64,b,Achnatherum hymenoides,0.2,27,0.21
64,b,Elymus elymoides,0.6,22,0.21
64,b,Hesperostipa comata,0.7,19,0.21
64,c,Poa secunda,1.8,7,0.21
65,a,Elymus elymoides,1.1,20,0.21
65,c,PG19,1.4,19,0.21
65,d,PG18,0.8,16,0.21
66,a,Elymus elymoides,0.7,14,0.21
66,d,Elymus elymoides,0.8,13,0.21
67,c,Elymus elymoides,0.5,19,0.21
68,a,Poa secunda,4.1,3,0.21
68,b,Elymus elymoides,1,12,0.21
68,c,Poa secunda,1.2,9,0.21
68,d,Poa secunda,1.5,4,0.21
52,c,Achnatherum hymenoides,0.7,17,0.22
54,d,Elymus elymoides,0.8,16,0.22
55,b,Poa secunda,0.7,15,0.22
55,d,Elymus elymoides,0.6,15,0.22
55,d,Poa secunda,0.8,10,0.22
56,a,Poa secunda,0.7,18,0.22
56,c,Poa secunda,2.2,5,0.22
57,a,Poa secunda,3.6,6,0.22
58,a,Poa secunda,0.9,9,0.22
58,a,Poa secunda,2.1,11,0.22
58,b,Achnatherum hymenoides,1,10,0.22
59,b,Poa secunda,1.2,7,0.22
59,b,Poa secunda,1.5,13,0.22
59,d,Poa secunda,1.5,4,0.22
59,d,Poa secunda,1.2,6,0.22
60,b,Poa secunda,1.5,6,0.22
60,c,Hesperostipa comata,1,12,0.22
60,c,Poa secunda,2.5,4,0.22
60,c,Poa secunda,1.7,3,0.22
60,c,Hesperostipa comata,0.8,17,0.22
60,c,Hesperostipa comata,1.5,9,0.22
61,b,Poa secunda,2.2,4,0.22
61,c,Poa secunda,1.7,2,0.22
62,a,Poa secunda,0.4,6,0.22
62,a,Poa secunda,0.5,7,0.22
63,a,Elymus elymoides,1.3,15,0.22
63,b,PG14,1,13,0.22
64,a,Poa secunda,1.4,18,0.22
64,b,Elymus elymoides,0.3,20,0.22
65,a,PG18,0.9,15,0.22
65,b,PG19,1.5,20,0.22
65,c,PG19,1.2,26,0.22
66,a,Poa secunda,1.2,8,0.22
66,b,Elymus elymoides,0.6,14,0.22
66,d,Poa secunda,0.7,8,0.22
68,a,Hesperostipa comata,1.4,11,0.22
68,a,Poa secunda,1.5,5,0.22
52,b,Poa secunda,1.1,6,0.23
53,b,Poa secunda,2.1,9,0.23
53,d,Poa secunda,0.9,12,0.23
53,d,Elymus elymoides,0.5,19,0.23
54,b,Elymus elymoides,0.8,11,0.23
55,a,Poa secunda,1.3,3,0.23
55,a,Elymus elymoides,1.5,8,0.23
55,a,Poa secunda,0.5,14,0.23
56,c,Elymus elymoides,2,13,0.23
56,c,Poa secunda,2.6,5,0.23
56,c,Poa secunda,1.4,5,0.23
57,b,Poa secunda,1.9,4,0.23
59,b,Poa secunda,1.6,5,0.23
59,d,Poa secunda,0.5,6,0.23
61,a,PG10,3.6,6,0.23
61,a,Poa secunda,2,3,0.23
61,a,Poa secunda,2.4,3,0.23
61,a,PG10,1.2,17,0.23
61,b,Poa secunda,1.2,6,0.23
61,c,Poa secunda,1.6,3,0.23
61,c,PG09,1,12,0.23
61,d,Poa secunda,2.8,7,0.23
62,a,Poa secunda,1.2,3,0.23
62,b,Poa secunda,1.1,10,0.23
62,d,Poa secunda,3.3,8,0.23
63,a,PG14,1.4,14,0.23
63,d,Poa secunda,1.5,4,0.23
64,c,Poa secunda,0.3,13,0.23
65,b,PG19,1.3,21,0.23
65,c,PG18,1.5,15,0.23
66,a,Poa secunda,2.3,3,0.23
66,b,Elymus elymoides,1,10,0.23
66,d,Elymus elymoides,1.2,17,0.23
68,c,Poa secunda,2.4,3,0.23
68,d,Poa secunda,3.3,5,0.23
53,b,Elymus elymoides,1.3,10,0.24
53,b,Poa secunda,4.5,8,0.24
55,b,Poa secunda,1.2,8,0.24
57,a,Poa secunda,2.4,5,0.24
59,c,Poa secunda,0.7,8,0.24
59,d,Poa secunda,1.3,5,0.24
59,d,Poa secunda,0.8,5,0.24
60,a,Poa secunda,1,4,0.24
60,a,Poa secunda,0.8,11,0.24
60,b,Poa secunda,1.9,3,0.24
61,a,Poa secunda,1.3,12,0.24
61,a,Poa secunda,2.3,3,0.24
61,b,Poa secunda,2.1,7,0.24
61,c,Poa secunda,2.5,5,0.24
61,c,Poa secunda,2.7,2,0.24
62,a,Poa secunda,2.5,5,0.24
62,a,Poa secunda,4.2,3,0.24
62,c,Poa secunda,2.7,5,0.24
62,d,PG11,2.5,17,0.24
64,a,Poa secunda,1.5,5,0.24
65,a,PG19,1.3,23,0.24
65,c,PG19,1.6,19,0.24
66,b,Elymus elymoides,1.7,9,0.24
66,d,Elymus elymoides,0.7,12,0.24
66,d,Elymus elymoides,0.6,13,0.24
67,c,Pseudoroegneria spicata,0.5,21,0.24
68,b,Poa secunda,1.6,9,0.24
68,c,Hesperostipa comata,2,9,0.24
52,a,Elymus elymoides,2.6,6,0.25
53,c,Poa secunda,1.4,3,0.25
53,c,Poa secunda,3.1,4,0.25
55,a,Poa secunda,1.9,3,0.25
57,c,Hesperostipa comata,2,14,0.25
58,a,Elymus elymoides,0.9,7,0.25
58,c,Elymus elymoides,0.7,21,0.25
59,b,Poa secunda,1.4,5,0.25
59,b,Poa secunda,1.3,4,0.25
59,d,Elymus elymoides,1.3,17,0.25
61,a,Poa secunda,3,3,0.25
61,a,Poa secunda,2,4,0.25
62,d,Poa secunda,5,5,0.25
63,b,Poa secunda,3,9,0.25
63,b,Poa secunda,1.9,4,0.25
63,c,Poa secunda,1.5,5,0.25
64,a,Hesperostipa comata,2.2,8,0.25
64,a,Achnatherum hymenoides,0.7,20,0.25
65,a,PG19,1.3,13,0.25
65,a,Hesperostipa comata,2.2,11,0.25
65,b,PG19,1.1,18,0.25
65,c,Hesperostipa comata,1.2,18,0.25
66,a,Poa secunda,2.9,4,0.25
66,d,Elymus elymoides,1,10,0.25
67,b,Poa secunda,1.7,7,0.25
68,a,Poa secunda,3.8,3,0.25
68,b,Hesperostipa comata,1.3,12,0.25
68,b,Poa secunda,5.8,5,0.25
53,c,Poa secunda,1.5,11,0.26
54,d,Elymus elymoides,0.3,26,0.26
55,c,Poa secunda,1.8,9,0.26
56,b,Poa secunda,3.8,6,0.26
57,b,Poa secunda,1.2,5,0.26
58,b,Elymus elymoides,0.7,11,0.26
58,d,Achnatherum hymenoides,0.5,21,0.26
59,b,Poa secunda,1.8,3,0.26
60,b,Poa secunda,1.2,4,0.26
62,c,Poa secunda,0.9,8,0.26
62,c,PG11,1.3,16,0.26
63,a,Poa secunda,1.6,13,0.26
63,a,Poa secunda,2.1,5,0.26
63,b,Poa secunda,2.6,5,0.26
63,b,Poa secunda,3.1,4,0.26
65,a,PG18,1.7,10,0.26
65,c,PG19,0.4,19,0.26
67,b,Poa secunda,4,3,0.26
67,b,Poa secunda,0.7,6,0.26
52,b,Elymus elymoides,2.3,12,0.27
53,b,Poa secunda,1.4,5,0.27
53,c,Poa secunda,2.3,5,0.27
53,c,Poa secunda,3.2,4,0.27
53,d,Elymus elymoides,0.7,12,0.27
53,d,Hesperostipa comata,0.8,18,0.27
54,d,Elymus elymoides,0.2,19,0.27
55,d,Elymus elymoides,1.4,20,0.27
56,c,Poa secunda,2.1,4,0.27
56,c,Poa secunda,4.9,12,0.27
57,b,Poa secunda,1.9,8,0.27
58,a,Poa secunda,1.4,4,0.27
58,a,Poa secunda,2.4,8,0.27
59,a,Poa secunda,1.2,6,0.27
60,a,Poa secunda,3.3,3,0.27
61,a,Poa secunda,1.9,6,0.27
61,c,Poa secunda,2.3,2,0.27
61,c,Poa secunda,1.9,3,0.27
63,a,Poa secunda,1,15,0.27
63,a,Elymus elymoides,0.9,15,0.27
63,c,Poa secunda,3.2,7,0.27
65,b,PG17,4.3,8,0.27
66,a,Poa secunda,1,8,0.27
66,a,Poa secunda,1.2,10,0.27
66,b,Achnatherum hymenoides,2,11,0.27
66,c,Elymus elymoides,0.8,16,0.27
66,d,Elymus elymoides,0.5,10,0.27
67,a,Poa secunda,1,15,0.27
67,a,Elymus elymoides,0.7,15,0.27
68,a,Hesperostipa comata,2.3,12,0.27
68,c,Hesperostipa comata,2.2,12,0.27
68,c,Hesperostipa comata,0.7,11,0.27
68,c,Poa secunda,1.2,3,0.27
68,d,Poa secunda,1.9,4,0.27
52,b,Poa secunda,6.2,6,0.28
53,d,Elymus elymoides,0.7,8,0.28
55,c,Poa secunda,1.6,5,0.28
55,c,Poa secunda,1.3,9,0.28
56,a,Poa secunda,1.7,7,0.28
56,a,Poa secunda,3.4,5,0.28
56,a,Poa secunda,1.2,7,0.28
56,c,Poa secunda,3.2,5,0.28
57,a,Poa secunda,0.9,5,0.28
57,c,Poa secunda,1,5,0.28
59,b,Poa secunda,1.2,8,0.28
59,c,Poa secunda,1.7,7,0.28
60,c,Poa secunda,1.6,6,0.28
61,d,Poa secunda,0.8,10,0.28
62,b,PG11,0.7,14,0.28
62,b,Poa secunda,2.6,10,0.28
62,d,PG11,0.9,18,0.28
63,a,Elymus elymoides,2.9,12,0.28
63,a,Elymus elymoides,3,12,0.28
64,b,Achnatherum hymenoides,1.2,20,0.28
65,b,PG20,3.3,6,0.28
65,d,PG19,2.7,16,0.28
65,d,PG19,0.9,22,0.28
66,a,Poa secunda,2.1,5,0.28
66,b,Elymus elymoides,1.2,12,0.28
66,c,Elymus elymoides,0.8,19,0.28
67,b,Poa secunda,0.7,10,0.28
68,b,Hesperostipa comata,2.1,10,0.28
68,d,Poa secunda,1.6,4,0.28
68,d,Elymus elymoides,1.1,23,0.28
53,d,Poa secunda,0.6,10,0.29
54,b,Elymus elymoides,0.6,12,0.29
59,b,Pseudoroegneria spicata,2.1,19,0.29
60,b,Poa secunda,0.7,4,0.29
61,a,Poa secunda,1.4,7,0.29
62,c,Poa secunda,2.6,2,0.29
62,c,PG11,1.6,12,0.29
62,c,Poa secunda,1.1,7,0.29
63,a,Poa secunda,1.3,5,0.29
63,b,Poa secunda,2.8,5,0.29
65,a,PG19,1.7,18,0.29
65,c,PG19,1.2,14,0.29
66,b,Elymus elymoides,0.9,10,0.29
68,c,Hesperostipa comata,1,10,0.29
68,d,Hesperostipa comata,1,13,0.29
52,a,Achnatherum hymenoides,1.6,9,0.3
53,c,Poa secunda,2.5,5,0.3
53,c,Poa secunda,3.7,3,0.3
53,d,Poa secunda,1.1,8,0.3
55,a,Elymus elymoides,1.9,7,0.3
55,b,Elymus elymoides,1.9,13,0.3
55,b,Poa secunda,1,13,0.3
56,c,Poa secunda,1.5,7,0.3
57,a,Elymus elymoides,0.7,20,0.3
58,d,Achnatherum hymenoides,0.8,15,0.3
59,d,Poa secunda,1.5,3,0.3
60,c,Hesperostipa comata,1.1,19,0.3
61,a,Poa secunda,2.5,5,0.3
61,b,PG09,1.4,13,0.3
62,c,Poa secunda,3.7,8,0.3
63,a,Poa secunda,0.8,11,0.3
63,b,PG14,2,12,0.3
63,b,PG14,1.8,11,0.3
63,c,Poa secunda,1.8,4,0.3
64,a,Elymus elymoides,3.1,13,0.3
64,d,Poa secunda,1.7,8,0.3
65,c,PG19,1.6,27,0.3
65,d,PG19,1.1,17,0.3
65,d,PG19,2.1,11,0.3
66,a,Poa secunda,1.6,11,0.3
66,d,Elymus elymoides,1.2,12,0.3
67,a,Poa secunda,0.9,9,0.3
67,d,Poa secunda,2.2,3,0.3
67,d,Pseudoroegneria spicata,1.6,18,0.3
68,a,Poa secunda,1.9,4,0.3
68,d,Hesperostipa comata,1,7,0.3
52,c,Elymus elymoides,1.6,12,0.31
52,d,Achnatherum hymenoides,0.8,18,0.31
53,b,Poa secunda,2.4,10,0.31
54,d,Achnatherum hymenoides,2.8,12,0.31
55,b,Elymus elymoides,0.6,15,0.31
55,c,Poa secunda,1.2,10,0.31
57,b,Poa secunda,1.2,8,0.31
57,c,Elymus elymoides,0.5,26,0.31
58,d,Elymus elymoides,0.5,28,0.31
59,a,Elymus elymoides,1.9,8,0.31
59,c,Poa secunda,1.6,3,0.31
60,d,Poa secunda,1.2,6,0.31
61,b,Poa secunda,1.5,8,0.31
61,b,Poa secunda,1.5,3,0.31
61,c,PG10,1.4,11,0.31
62,d,Elymus elymoides,0.4,20,0.31
63,c,PG14,1.4,10,0.31
64,c,Elymus elymoides,0.6,13,0.31
64,d,Hesperostipa comata,1.2,17,0.31
65,b,PG18,1.1,13,0.31
65,c,PG19,0.8,24,0.31
67,a,Poa secunda,1.6,9,0.31
67,a,Elymus elymoides,1,8,0.31
67,b,Elymus elymoides,0.7,16,0.31
68,b,Poa secunda,1,14,0.31
53,c,Poa secunda,4.1,4,0.32
53,c,Poa secunda,0.4,8,0.32
54,c,Achnatherum hymenoides,0.5,15,0.32
55,a,Poa secunda,2.7,6,0.32
56,a,Poa secunda,1.2,9,0.32
56,b,Poa secunda,1.6,6,0.32
58,c,Elymus elymoides,0.4,16,0.32
60,a,Poa secunda,1.6,4,0.32
62,d,PG11,2.6,10,0.32
65,a,PG19,1.8,33,0.32
65,d,PG19,2.5,23,0.32
67,b,Poa secunda,2.4,5,0.32
67,c,Poa secunda,0.6,7,0.32
67,d,Pseudoroegneria spicata,0.7,17,0.32
68,b,Hesperostipa comata,1.9,10,0.32
53,a,Elymus elymoides,4,10,0.33
53,a,Elymus elymoides,1.3,9,0.33
53,c,Poa secunda,0.6,15,0.33
54,d,Achnatherum hymenoides,0.3,22,0.33
55,b,Poa secunda,3.6,11,0.33
55,b,Elymus elymoides,1.2,18,0.33
58,b,Poa secunda,0.5,12,0.33
58,d,Elymus elymoides,0.4,23,0.33
59,c,Poa secunda,4.1,4,0.33
60,c,Poa secunda,2.6,3,0.33
60,d,Poa secunda,0.7,7,0.33
61,c,Poa secunda,1.9,7,0.33
63,a,Poa secunda,2.7,7,0.33
63,b,PG14,3.7,11,0.33
63,c,PG15,1.4,7,0.33
64,a,Achnatherum hymenoides,2.2,21,0.33
64,c,Poa secunda,0.5,14,0.33
65,b,PG18,2.8,13,0.33
65,c,Hesperostipa comata,1,13,0.33
66,d,Elymus elymoides,0.9,10,0.33
67,c,Pseudoroegneria spicata,2.7,13,0.33
52,c,Elymus elymoides,2.3,10,0.34
53,d,Elymus elymoides,0.6,21,0.34
60,b,Poa secunda,2.5,4,0.34
61,c,Poa secunda,1,9,0.34
62,c,PG11,1.2,11,0.34
65,b,PG20,1.2,15,0.34
65,b,PG18,1.8,18,0.34
66,c,Elymus elymoides,1.2,12,0.34
67,a,Poa secunda,3.5,7,0.34
67,a,Poa secunda,2.6,3,0.34
68,b,Hesperostipa comata,0.8,17,0.34
52,b,Elymus elymoides,0.8,13,0.35
52,b,Elymus elymoides,3.1,7,0.35
54,c,Poa secunda,2,9,0.35
54,c,Poa secunda,0.6,10,0.35
54,c,Achnatherum hymenoides,0.8,15,0.35
54,d,Poa secunda,0.7,8,0.35
55,d,Poa secunda,2.7,8,0.35
56,b,Poa secunda,3.5,5,0.35
57,a,Poa secunda,1.2,5,0.35
57,c,Hesperostipa comata,1.9,14,0.35
57,c,Poa secunda,2.1,4,0.35
57,d,Poa secunda,3.1,6,0.35
57,d,Poa secunda,3.1,6,0.35
58,c,Elymus elymoides,1.2,18,0.35
58,c,Elymus elymoides,3.2,11,0.35
59,a,Pseudoroegneria spicata,3,3,0.35
59,b,Poa secunda,1.3,4,0.35
59,b,Poa secunda,1.9,4,0.35
60,c,Poa secunda,0.9,8,0.35
60,d,Hesperostipa comata,1.5,10,0.35
61,b,Poa secunda,1.1,9,0.35
61,c,Poa secunda,1.4,4,0.35
63,a,Poa secunda,3.5,7,0.35
63,d,Poa secunda,3.3,4,0.35
64,b,Elymus elymoides,0.8,15,0.35
64,d,Achnatherum hymenoides,0.7,26,0.35
65,a,PG19,3.3,20,0.35
65,a,PG18,2.7,9,0.35
65,d,PG19,2.7,20,0.35
66,c,Elymus elymoides,1.1,16,0.35
68,c,Poa secunda,0.9,3,0.35
53,b,Poa secunda,1.2,10,0.36
56,d,Achnatherum hymenoides,0.8,17,0.36
56,d,Pseudoroegneria spicata,0.6,20,0.36
57,d,Poa secunda,0.8,14,0.36
61,b,Poa secunda,1,10,0.36
61,b,Poa secunda,3.8,4,0.36
62,a,Poa secunda,2.2,5,0.36
64,a,Hesperostipa comata,1.3,15,0.36
65,d,PG19,1.3,25,0.36
65,d,Hesperostipa comata,1.8,12,0.36
66,a,Elymus elymoides,1.1,12,0.36
67,b,Poa secunda,1.2,3,0.36
68,c,Hesperostipa comata,1,13,0.36
52,b,Elymus elymoides,1.6,15,0.37
55,a,Poa secunda,2,11,0.37
56,b,Poa secunda,3.2,5,0.37
56,b,Poa secunda,2.2,6,0.37
56,c,Poa secunda,3,5,0.37
58,a,Poa secunda,3,6,0.37
58,d,Elymus elymoides,0.8,20,0.37
59,b,Poa secunda,1.3,5,0.37
59,b,Poa secunda,1.7,8,0.37
59,c,Poa secunda,3.1,3,0.37
61,d,PG09,1.8,10,0.37
62,d,Elymus elymoides,1.1,15,0.37
63,a,PG14,1.6,14,0.37
65,b,PG20,0.7,24,0.37
66,b,Elymus elymoides,3.3,10,0.37
66,b,Elymus elymoides,1.1,16,0.37
67,c,Poa secunda,0.7,6,0.37
52,c,Elymus elymoides,1.6,16,0.38
53,d,Poa secunda,2.8,15,0.38
54,c,Achnatherum hymenoides,3.5,13,0.38
55,c,Poa secunda,0.6,12,0.38
56,b,Poa secunda,2.1,6,0.38
57,b,Poa secunda,2.8,5,0.38
57,b,Poa secunda,0.9,5,0.38
57,d,Hesperostipa comata,1.7,12,0.38
58,c,Elymus elymoides,1.1,17,0.38
58,c,Elymus elymoides,0.7,22,0.38
59,a,Poa secunda,1.9,5,0.38
59,a,Elymus elymoides,1.2,14,0.38
59,c,Elymus elymoides,1.2,12,0.38
60,a,Poa secunda,2,5,0.38
60,b,Hesperostipa comata,3.7,9,0.38
60,c,Poa secunda,0.9,8,0.38
62,a,Poa secunda,1.9,11,0.38
63,a,Elymus elymoides,2.7,17,0.38
64,c,Poa secunda,0.4,16,0.38
65,a,Hesperostipa comata,3.4,13,0.38
65,b,PG20,2.4,8,0.38
65,b,PG19,2,17,0.38
65,c,Hesperostipa comata,0.5,15,0.38
65,d,PG19,2.4,18,0.38
66,a,Elymus elymoides,1.4,10,0.38
66,b,Elymus elymoides,2.7,10,0.38
66,b,Poa secunda,2.8,4,0.38
66,d,Poa secunda,1.5,9,0.38
67,a,Elymus elymoides,1.5,15,0.38
68,a,Poa secunda,1.4,3,0.38
68,a,Poa secunda,1.7,3,0.38
68,b,Poa secunda,1.3,3,0.38
52,b,Achnatherum hymenoides,1.9,11,0.39
53,a,Poa secunda,1.3,5,0.39
53,b,Poa secunda,3,6,0.39
54,a,Achnatherum hymenoides,1.2,13,0.39
55,a,Poa secunda,3,3,0.39
55,b,Poa secunda,1.5,6,0.39
55,d,Poa secunda,1.3,10,0.39
57,c,Poa secunda,2.5,4,0.39
58,c,Elymus elymoides,0.8,16,0.39
59,b,Poa secunda,2,6,0.39
59,d,Poa secunda,3,6,0.39
60,c,Poa secunda,3.1,4,0.39
62,c,Poa secunda,1.4,21,0.39
62,d,Elymus elymoides,0.8,21,0.39
63,c,PG15,3.9,9,0.39
63,d,Poa secunda,3.3,5,0.39
64,a,Achnatherum hymenoides,1.7,17,0.39
64,c,Poa secunda,1.9,9,0.39
66,d,Elymus elymoides,1.2,11,0.39
68,d,Hesperostipa comata,1.9,11,0.39
68,d,Hesperostipa comata,2.6,13,0.39
54,b,Elymus elymoides,0.4,11,0.4
54,c,Achnatherum hymenoides,1.4,13,0.4
55,a,Poa secunda,3.5,5,0.4
56,b,Poa secunda,2,4,0.4
57,a,Poa secunda,1,8,0.4
57,c,Poa secunda,1.2,7,0.4
58,c,Elymus elymoides,0.7,20,0.4
58,c,Elymus elymoides,0.8,18,0.4
58,c,Elymus elymoides,1.1,22,0.4
60,d,Hesperostipa comata,3.2,12,0.4
61,c,Poa secunda,3.3,6,0.4
62,b,Poa secunda,2.1,12,0.4
63,b,Poa secunda,2.1,4,0.4
63,b,PG14,1.2,24,0.4
63,d,Poa secunda,2.6,5,0.4
64,c,Poa secunda,0.9,11,0.4
68,c,Poa secunda,2.3,9,0.4
53,b,Poa secunda,5.5,8,0.41
55,c,Poa secunda,1.2,12,0.41
56,c,Poa secunda,5.3,3,0.41
57,c,Poa secunda,2,11,0.41
57,d,Hesperostipa comata,1,17,0.41
59,d,Poa secunda,1,4,0.41
60,d,Hesperostipa comata,1.8,8,0.41
61,b,Poa secunda,2.7,6,0.41
61,d,Poa secunda,3,4,0.41
61,d,PG09,1.8,11,0.41
62,a,Poa secunda,0.4,6,0.41
62,b,Poa secunda,2,11,0.41
62,c,Poa secunda,1.7,12,0.41
63,b,Poa secunda,1.4,6,0.41
64,a,Achnatherum hymenoides,1.6,30,0.41
64,b,Elymus elymoides,0.8,17,0.41
64,b,Poa secunda,0.9,13,0.41
65,a,PG18,1.7,10,0.41
66,a,Poa secunda,1.5,6,0.41
66,b,Poa secunda,0.9,9,0.41
66,c,Elymus elymoides,1.3,24,0.41
67,d,Poa secunda,3.3,5,0.41
68,a,Hesperostipa comata,1.7,13,0.41
54,c,Poa secunda,3.6,8,0.42
56,b,Poa secunda,1.6,5,0.42
57,a,Poa secunda,1.4,10,0.42
58,b,Poa secunda,1.3,12,0.42
59,b,Poa secunda,1.6,12,0.42
62,d,Poa secunda,2.1,4,0.42
62,d,Poa secunda,1.9,9,0.42
62,d,Poa secunda,1.8,11,0.42
64,a,Elymus elymoides,1.2,17,0.42
64,a,Achnatherum hymenoides,1.9,12,0.42
64,b,Achnatherum hymenoides,1.9,13,0.42
65,a,PG17,1.1,11,0.42
65,b,PG20,2.4,7,0.42
66,a,Poa secunda,1.1,6,0.42
67,b,Poa secunda,3.1,5,0.42
52,c,Achnatherum hymenoides,0.4,19,0.43
52,c,Achnatherum hymenoides,1.3,9,0.43
53,b,Poa secunda,1.8,13,0.43
54,c,Elymus elymoides,1.5,12,0.43
56,a,Elymus elymoides,1.9,17,0.43
56,c,Poa secunda,1.9,16,0.43
57,b,Poa secunda,2.3,4,0.43
57,c,Poa secunda,2,3,0.43
59,b,Poa secunda,3,7,0.43
60,b,Poa secunda,2.3,4,0.43
60,c,Poa secunda,2.1,7,0.43
61,c,Poa secunda,2.1,7,0.43
61,d,PG09,3.1,9,0.43
62,a,Poa secunda,2.8,11,0.43
62,c,Poa secunda,2.2,18,0.43
66,a,Poa secunda,1.3,8,0.43
68,d,Poa secunda,4,3,0.43
68,d,Hesperostipa comata,1.6,12,0.43
52,c,Achnatherum hymenoides,1.1,16,0.44
53,a,Poa secunda,1.8,10,0.44
53,b,Poa secunda,3.3,8,0.44
54,d,Elymus elymoides,0.8,17,0.44
55,c,Poa secunda,0.8,19,0.44
56,a,Poa secunda,5.2,7,0.44
58,d,Elymus elymoides,0.5,33,0.44
60,d,Poa secunda,1.5,7,0.44
60,d,Poa secunda,2.1,2,0.44
61,b,Poa secunda,1.6,8,0.44
61,b,Poa secunda,2,5,0.44
61,c,Poa secunda,1.6,10,0.44
61,d,PG09,2.9,12,0.44
62,b,PG11,1.3,21,0.44
62,d,Poa secunda,0.8,13,0.44
63,b,Poa secunda,2.8,6,0.44
63,b,Poa secunda,1.6,4,0.44
63,c,Poa secunda,4,3,0.44
65,b,Hesperostipa comata,4.2,15,0.44
65,c,PG18,1.9,16,0.44
65,c,Hesperostipa comata,0.8,19,0.44
66,b,Elymus elymoides,0.9,16,0.44
67,a,Elymus elymoides,1.2,13,0.44
67,a,Pseudoroegneria spicata,3.6,17,0.44
68,d,Poa secunda,1.6,4,0.44
52,a,Achnatherum hymenoides,2,12,0.45
52,a,Poa secunda,1.6,17,0.45
52,c,Achnatherum hymenoides,1.3,14,0.45
53,b,Poa secunda,1,16,0.45
53,b,Poa secunda,3.9,9,0.45
54,c,Poa secunda,2.8,5,0.45
54,c,Elymus elymoides,0.8,10,0.45
56,b,Poa secunda,3.9,11,0.45
59,a,Poa secunda,1.6,6,0.45
60,a,Hesperostipa comata,1.7,10,0.45
60,b,Hesperostipa comata,1.1,15,0.45
61,a,Poa secunda,2.4,5,0.45
62,a,Poa secunda,2.9,11,0.45
62,c,Poa secunda,1.8,5,0.45
62,c,Poa secunda,0.9,9,0.45
62,d,PG11,2.7,7,0.45
64,b,Achnatherum hymenoides,1.3,33,0.45
66,a,Poa secunda,3.7,9,0.45
66,b,Elymus elymoides,1.2,13,0.45
67,a,Pseudoroegneria spicata,2.1,22,0.45
67,c,Poa secunda,1.8,7,0.45
68,a,Poa secunda,2.2,3,0.45
68,a,Hesperostipa comata,1.9,7,0.45
68,d,Hesperostipa comata,1.1,13,0.45
53,c,Poa secunda,2,10,0.46
53,c,Poa secunda,2.8,5,0.46
54,a,Elymus elymoides,1.2,14,0.46
57,b,Poa secunda,4.3,6,0.46
58,b,Poa secunda,1.2,7,0.46
59,b,Poa secunda,1.5,8,0.46
59,b,Poa secunda,2.6,5,0.46
61,a,Poa secunda,5.3,6,0.46
61,c,Poa secunda,1.8,4,0.46
61,d,Poa secunda,2.9,5,0.46
62,b,PG11,1.6,24,0.46
62,c,PG11,2.3,15,0.46
63,b,Poa secunda,3.1,5,0.46
64,d,Achnatherum hymenoides,0.8,25,0.46
65,b,PG18,2.7,11,0.46
66,d,Elymus elymoides,0.5,19,0.46
67,d,Pseudoroegneria spicata,3.4,15,0.46
68,a,Poa secunda,3.2,5,0.46
68,c,Hesperostipa comata,1.3,9,0.46
53,b,Poa secunda,6,10,0.47
55,a,Poa secunda,3.6,3,0.47
55,b,Poa secunda,2.6,16,0.47
55,d,Poa secunda,1.9,7,0.47
59,d,Poa secunda,1.7,5,0.47
60,d,Poa secunda,1.3,10,0.47
62,c,Poa secunda,2,17,0.47
62,d,Poa secunda,1.1,24,0.47
63,c,Poa secunda,1.3,6,0.47
64,b,Hesperostipa comata,1.8,11,0.47
65,d,PG17,1.7,10,0.47
68,b,Poa secunda,2.4,4,0.47
53,c,Hesperostipa comata,1.1,10,0.48
53,d,Poa secunda,2.1,10,0.48
54,c,Poa secunda,0.4,16,0.48
56,c,Elymus elymoides,3.8,11,0.48
60,d,Poa secunda,2.7,6,0.48
63,b,Poa secunda,5.1,4,0.48
65,b,PG18,1.3,20,0.48
65,c,PG18,1.7,14,0.48
66,c,Elymus elymoides,0.7,17,0.48
67,a,Poa secunda,3.3,3,0.48
67,d,Poa secunda,3.3,5,0.48
52,c,Elymus elymoides,1,15,0.49
52,d,Achnatherum hymenoides,0.9,17,0.49
52,d,Achnatherum hymenoides,0.6,18,0.49
53,c,Poa secunda,1.2,7,0.49
53,d,Poa secunda,1.5,9,0.49
55,a,Poa secunda,2.3,10,0.49
55,d,Poa secunda,3.2,6,0.49
57,a,Poa secunda,3.3,4,0.49
58,d,Elymus elymoides,1.6,17,0.49
58,d,Achnatherum hymenoides,1.7,15,0.49
59,d,Poa secunda,1.4,8,0.49
61,d,agropyron cristatum,1.9,20,0.49
62,a,Poa secunda,2.3,6,0.49
63,a,PG14,2.3,18,0.49
63,b,Poa secunda,3.1,4,0.49
66,a,Poa secunda,3.6,8,0.49
66,b,Elymus elymoides,1.3,13,0.49
68,b,Poa secunda,2.3,5,0.49
68,c,Hesperostipa comata,1,13,0.49
68,d,Poa secunda,2.3,4,0.49
52,a,Elymus elymoides,2.8,8,0.5
54,b,Elymus elymoides,1.2,11,0.5
55,a,Poa secunda,1.7,13,0.5
56,b,Poa secunda,4.6,14,0.5
56,c,Poa secunda,2.9,5,0.5
58,b,Elymus elymoides,0.9,20,0.5
59,a,Poa secunda,5.7,10,0.5
60,a,Poa secunda,3.8,3,0.5
60,a,Poa secunda,3.1,4,0.5
63,a,PG14,2.5,14,0.5
63,a,Poa secunda,4.2,7,0.5
65,d,Hesperostipa comata,1.2,17,0.5
66,c,Elymus elymoides,0.8,23,0.5
67,b,Poa secunda,2.4,12,0.5
67,d,Poa secunda,1.9,5,0.5
52,d,Elymus elymoides,2.8,18,0.51
55,b,Poa secunda,1.1,19,0.51
56,a,Poa secunda,4.5,3,0.51
56,b,Poa secunda,3.2,18,0.51
56,c,Poa secunda,2.1,13,0.51
56,c,Poa secunda,1.4,6,0.51
57,b,Poa secunda,2.4,8,0.51
58,d,Elymus elymoides,1.2,17,0.51
59,b,Poa secunda,1.5,4,0.51
60,b,Elymus elymoides,0.9,15,0.51
61,c,Poa secunda,4.3,5,0.51
61,d,Poa secunda,1.9,11,0.51
64,a,Hesperostipa comata,2.1,9,0.51
64,c,Elymus elymoides,1.1,16,0.51
66,d,Elymus elymoides,2.1,10,0.51
67,a,Poa secunda,4.8,6,0.51
52,c,Elymus elymoides,1.5,12,0.52
53,b,Hesperostipa comata,1.3,19,0.52
54,b,Elymus elymoides,0.3,11,0.52
55,a,Poa secunda,3.2,6,0.52
55,a,Poa secunda,5.4,11,0.52
56,c,Poa secunda,0.4,6,0.52
59,a,Poa secunda,1.4,9,0.52
60,a,Poa secunda,0.7,21,0.52
61,b,PG10,3,16,0.52
63,b,Poa secunda,2.8,6,0.52
63,b,Poa secunda,0.9,6,0.52
63,d,PG14,2.9,12,0.52
64,a,Hesperostipa comata,2.9,7,0.52
64,a,Hesperostipa comata,1.7,20,0.52
64,b,Hesperostipa comata,1.3,11,0.52
65,a,PG18,2.8,17,0.52
66,a,Poa secunda,2.7,6,0.52
68,c,Poa secunda,1.5,4,0.52
52,d,Achnatherum hymenoides,1.4,11,0.53
53,b,Poa secunda,2.3,11,0.53
53,d,Elymus elymoides,0.8,21,0.53
55,a,Elymus elymoides,1.4,8,0.53
60,a,Poa secunda,0.8,22,0.53
61,c,Poa secunda,4.7,4,0.53
61,d,Poa secunda,1.6,6,0.53
62,c,PG11,1.6,13,0.53
63,a,PG14,2.6,20,0.53
63,c,Poa secunda,1.1,6,0.53
64,a,Elymus elymoides,1.1,13,0.53
65,a,PG19,1.8,17,0.53
67,d,Pseudoroegneria spicata,1.1,20,0.53
52,b,Elymus elymoides,1.3,12,0.54
53,c,Elymus elymoides,1.7,13,0.54
55,a,Poa secunda,5.8,5,0.54
55,a,Poa secunda,2.9,4,0.54
55,c,Poa secunda,1.2,10,0.54
56,a,Poa secunda,5.7,13,0.54
56,a,Poa secunda,2.4,10,0.54
56,b,Hesperostipa comata,2.2,14,0.54
56,b,Poa secunda,1.3,6,0.54
56,c,Poa secunda,1.7,16,0.54
57,d,Poa secunda,1.3,5,0.54
59,a,Poa secunda,1.4,10,0.54
60,a,Poa secunda,1.8,6,0.54
60,c,Achnatherum hymenoides,1.3,26,0.54
61,d,Poa secunda,1.1,8,0.54
61,d,Poa secunda,1.3,5,0.54
62,c,Poa secunda,2.2,7,0.54
64,a,Hesperostipa comata,3.5,9,0.54
64,d,Poa secunda,1.6,8,0.54
65,d,Hesperostipa comata,2.4,11,0.54
66,a,Elymus elymoides,0.9,18,0.54
66,b,Elymus elymoides,0.8,23,0.54
67,c,Pseudoroegneria spicata,1.1,15,0.54
67,d,Poa secunda,1.3,4,0.54
54,c,Elymus elymoides,1.1,15,0.55
55,d,Poa secunda,1.2,13,0.55
56,b,Poa secunda,4.2,7,0.55
57,c,Poa secunda,1.3,4,0.55
58,b,Poa secunda,1.5,10,0.55
59,c,Poa secunda,1.1,6,0.55
60,c,Hesperostipa comata,2.7,11,0.55
61,a,Poa secunda,1.3,15,0.55
64,a,Elymus elymoides,2.4,21,0.55
65,b,PG17,2.7,9,0.55
66,c,Elymus elymoides,1.6,13,0.55
66,d,Elymus elymoides,1,13,0.55
67,b,Poa secunda,2.3,4,0.55
68,a,Poa secunda,7.7,3,0.55
52,a,Poa secunda,7.7,6,0.56
53,b,Poa secunda,4.8,6,0.56
53,c,Poa secunda,3.5,5,0.56
53,d,Poa secunda,2.7,4,0.56
55,a,Poa secunda,2.5,8,0.56
56,c,Poa secunda,1.7,8,0.56
57,c,Poa secunda,2.3,6,0.56
57,d,Hesperostipa comata,3.4,8,0.56
58,c,Elymus elymoides,1,18,0.56
58,d,Achnatherum hymenoides,1.5,22,0.56
59,a,Poa secunda,3.7,4,0.56
61,b,Poa secunda,1.6,11,0.56
61,d,Poa secunda,2.3,7,0.56
61,d,Poa secunda,3.1,5,0.56
62,b,Poa secunda,1.4,13,0.56
63,a,Poa secunda,1.1,5,0.56
64,c,Poa secunda,1.5,20,0.56
64,c,Poa secunda,4.6,7,0.56
65,a,Hesperostipa comata,5,9,0.56
65,c,PG18,2.2,24,0.56
65,c,Hesperostipa comata,3.2,19,0.56
67,a,Poa secunda,2,4,0.56
52,b,Achnatherum hymenoides,0.9,19,0.57
53,a,Poa secunda,3.5,12,0.57
53,c,Poa secunda,4.3,6,0.57
54,b,Achnatherum hymenoides,0.6,28,0.57
55,b,Elymus elymoides,3.7,15,0.57
58,a,Poa secunda,1.4,8,0.57
58,b,Poa secunda,1.1,12,0.57
58,d,Achnatherum hymenoides,1,21,0.57
59,c,Poa secunda,1.6,8,0.57
60,d,Poa secunda,3.8,5,0.57
60,d,Hesperostipa comata,1.8,15,0.57
60,d,Poa secunda,1.5,6,0.57
60,d,Hesperostipa comata,2.8,25,0.57
61,b,Poa secunda,1.4,15,0.57
61,d,Poa secunda,3.3,5,0.57
62,b,Poa secunda,3,4,0.57
63,a,Poa secunda,3.2,12,0.57
63,c,PG14,1.8,22,0.57
63,d,PG14,3.3,20,0.57
65,b,PG20,2.3,14,0.57
67,b,Poa secunda,4.1,5,0.57
67,b,Elymus elymoides,1.8,26,0.57
67,d,Poa secunda,1.9,6,0.57
68,b,Poa secunda,2,5,0.57
68,c,Poa fendleriana,2.3,9,0.57
52,a,Elymus elymoides,1.8,14,0.58
52,c,Achnatherum hymenoides,0.8,20,0.58
53,b,Poa secunda,3.5,9,0.58
53,c,Poa secunda,2.1,8,0.58
57,d,Poa secunda,2.1,8,0.58
58,c,Elymus elymoides,2.5,13,0.58
59,a,Poa secunda,2.5,11,0.58
59,b,Elymus elymoides,1.9,22,0.58
60,c,Poa secunda,3.1,5,0.58
61,a,PG09,5.3,6,0.58
61,b,PG09,2.7,6,0.58
61,b,PG09,3.6,8,0.58
62,b,Poa secunda,0.6,5,0.58
62,b,Elymus elymoides,0.5,24,0.58
62,d,Poa secunda,2.2,17,0.58
63,b,Poa secunda,4.7,5,0.58
63,d,Poa secunda,1.8,3,0.58
65,b,PG17,5,9,0.58
66,c,Elymus elymoides,2.1,11,0.58
67,a,Poa secunda,2.8,5,0.58
52,b,Elymus elymoides,1.4,10,0.59
52,c,Elymus elymoides,1,13,0.59
55,a,Elymus elymoides,1.7,7,0.59
55,b,Poa secunda,2.8,18,0.59
57,b,Poa secunda,1.5,4,0.59
57,c,Poa secunda,1.9,8,0.59
60,b,Poa secunda,3.1,4,0.59
62,c,PG11,3.3,15,0.59
62,d,Poa secunda,1.7,3,0.59
63,d,Poa secunda,2,5,0.59
65,a,PG18,1.1,18,0.59
67,a,Poa secunda,2,5,0.59
67,d,Poa secunda,2.1,5,0.59
68,d,Hesperostipa comata,4.3,13,0.59
52,a,Poa secunda,5.1,7,0.6
52,a,Achnatherum hymenoides,2,14,0.6
53,d,Elymus elymoides,0.9,13,0.6
56,a,Poa secunda,2.7,4,0.6
56,d,Poa secunda,2.4,6,0.6
61,a,Poa secunda,5.3,4,0.6
61,a,Poa secunda,6.6,4.4,0.6
61,d,PG09,2.2,7,0.6
61,d,Poa secunda,2.6,9,0.6
63,d,Poa secunda,2.5,4,0.6
64,b,Achnatherum hymenoides,2,18,0.6
66,d,Elymus elymoides,1.1,18,0.6
67,d,Poa secunda,1.9,8,0.6
56,b,Poa secunda,4.3,13,0.61
58,a,Poa secunda,0.9,19,0.61
58,a,Poa secunda,0.8,17,0.61
59,d,Poa secunda,1.1,9,0.61
59,d,Poa secunda,3.3,5,0.61
60,a,Poa secunda,4.6,6,0.61
61,b,Poa secunda,4,7,0.61
62,b,Poa secunda,2.6,7,0.61
62,c,Poa secunda,4.6,6,0.61
63,a,Poa secunda,4.5,10,0.61
66,d,Poa secunda,1.2,11,0.61
67,c,Poa secunda,1.3,4,0.61
57,c,Poa secunda,3.5,6,0.62
58,a,Achnatherum hymenoides,0.7,21,0.62
58,a,Poa secunda,2.9,6,0.62
62,d,Poa secunda,2.5,14,0.62
62,d,Poa secunda,1.7,6,0.62
67,c,Poa secunda,2.8,13,0.62
53,d,Poa secunda,1.2,18,0.63
55,a,Poa secunda,2.6,6,0.63
56,a,Elymus elymoides,1.8,25,0.63
58,c,Elymus elymoides,2.8,19,0.63
59,b,Poa secunda,2.5,12,0.63
59,d,Poa secunda,2.4,5,0.63
60,d,Poa secunda,4.6,4,0.63
61,b,Poa secunda,4.3,9,0.63
62,b,PG11,1.3,30,0.63
62,c,Poa secunda,4.5,6,0.63
63,b,Poa secunda,1.6,15,0.63
63,c,PG14,2.7,12,0.63
66,c,Elymus elymoides,1,14,0.63
66,c,Elymus elymoides,1.4,22,0.63
68,a,Elymus elymoides,1.6,22,0.63
56,a,Poa secunda,0.8,21,0.64
56,d,Poa secunda,2.3,5,0.64
57,d,Poa secunda,4,9,0.64
58,a,Elymus elymoides,0.4,23,0.64
58,d,Elymus elymoides,1.3,20,0.64
59,a,Poa secunda,1.3,20,0.64
59,b,Elymus elymoides,2,16,0.64
60,a,Poa secunda,2.6,2,0.64
60,b,Poa secunda,1.7,4,0.64
61,b,PG09,3.8,4,0.64
63,a,Poa secunda,4.4,6,0.64
63,a,Poa secunda,1.6,9,0.64
63,b,Poa secunda,1.7,6,0.64
63,b,Elymus elymoides,1.4,27,0.64
63,c,Poa secunda,2.6,5,0.64
65,b,PG19,2.2,24,0.64
66,a,Poa secunda,3.6,5,0.64
68,a,Poa secunda,3.8,4,0.64
68,c,Poa secunda,2.2,5,0.64
53,b,Poa secunda,3.5,8,0.65
54,b,Elymus elymoides,1.1,16,0.65
55,d,Poa secunda,2.3,8,0.65
55,d,Poa secunda,1.4,17,0.65
58,b,Poa secunda,2,8,0.65
58,b,Poa secunda,1.2,12,0.65
60,c,Hesperostipa comata,4.9,14,0.65
61,c,Poa secunda,3.8,5,0.65
62,a,Poa secunda,2.4,7,0.65
62,b,Hesperostipa comata,2.2,8,0.65
62,c,Poa secunda,4.8,5,0.65
64,a,Hesperostipa comata,2.5,11,0.65
65,a,PG19,1.4,19,0.65
66,d,Poa secunda,1.2,14,0.65
66,d,Poa secunda,1,5,0.65
52,a,Achnatherum hymenoides,0.5,19,0.66
52,a,Poa secunda,2.4,8,0.66
52,c,Elymus elymoides,0.6,17,0.66
52,c,Achnatherum hymenoides,2.1,15,0.66
52,d,Elymus elymoides,2.2,16,0.66
53,a,Elymus elymoides,1.9,16,0.66
53,d,Poa secunda,3,10,0.66
55,d,Poa secunda,2.5,11,0.66
56,a,Poa secunda,1.6,9,0.66
57,c,Poa secunda,1.9,5,0.66
57,d,Poa secunda,2.9,4,0.66
59,a,Pseudoroegneria spicata,0.6,28,0.66
60,b,Poa secunda,1.7,4,0.66
60,c,Poa secunda,2.7,6,0.66
63,d,Poa secunda,2.6,4,0.66
64,c,Poa secunda,2.3,7,0.66
64,c,Poa secunda,1.1,8,0.66
67,b,Poa secunda,2.2,3,0.66
68,b,Poa secunda,1.2,8,0.66
52,a,Elymus elymoides,1.9,12,0.67
53,a,Poa secunda,1.2,7,0.67
54,a,Elymus elymoides,1.9,18,0.67
56,c,Elymus elymoides,2.7,11,0.67
56,d,Poa secunda,5.6,6,0.67
57,c,Hesperostipa comata,1.3,12,0.67
57,d,Poa secunda,2.9,6,0.67
60,b,Poa secunda,2.3,5,0.67
60,b,Hesperostipa comata,3.2,12,0.67
60,b,Hesperostipa comata,1.3,13,0.67
61,a,Poa secunda,6.2,5,0.67
61,d,Poa secunda,11.4,5,0.67
62,b,Poa secunda,2.9,4,0.67
62,d,Elymus elymoides,3.5,19,0.67
63,b,Poa secunda,1.7,4,0.67
63,c,Poa secunda,3.9,13,0.67
64,c,Elymus elymoides,0.6,18,0.67
65,b,PG18,1.9,18,0.67
67,a,Poa secunda,2.5,6,0.67
68,b,Hesperostipa comata,1.8,11,0.67
54,a,Elymus elymoides,2.2,9,0.68
54,b,Elymus elymoides,1.2,9,0.68
57,d,Poa secunda,1.4,7,0.68
59,c,Poa secunda,1.9,5,0.68
59,d,Poa secunda,1.5,4,0.68
60,d,Poa secunda,2,5,0.68
61,d,PG09,0.5,16,0.68
63,a,Poa secunda,6.3,6,0.68
63,c,Poa secunda,1,5,0.68
63,d,Poa secunda,2.9,4,0.68
64,a,Hesperostipa comata,2.4,8,0.68
64,b,Achnatherum hymenoides,1.3,34,0.68
64,b,Elymus elymoides,0.7,28,0.68
68,b,Hesperostipa comata,4.1,11,0.68
52,b,Achnatherum hymenoides,4.6,13,0.69
53,d,Poa secunda,3.1,7,0.69
54,d,Elymus elymoides,2.5,9,0.69
54,d,Elymus elymoides,0.8,14,0.69
56,d,Hesperostipa comata,3.8,12,0.69
57,b,Poa secunda,2,12,0.69
58,c,Elymus elymoides,0.8,14,0.69
59,a,Poa secunda,3.9,6,0.69
59,b,Poa secunda,1.9,5,0.69
59,c,Poa secunda,2,6,0.69
60,a,Poa secunda,1.8,11,0.69
60,b,Poa secunda,4.1,3,0.69
62,b,Elymus elymoides,1.9,19,0.69
63,a,Poa secunda,0.6,7,0.69
63,d,Poa secunda,2.5,3,0.69
64,a,Hesperostipa comata,3.1,11,0.69
67,a,Poa secunda,2.3,5,0.69
52,d,Achnatherum hymenoides,2.8,14,0.7
52,d,Achnatherum hymenoides,1.5,19,0.7
52,d,Achnatherum hymenoides,1.5,21,0.7
53,a,Poa secunda,2.2,6,0.7
53,d,Poa secunda,5.5,7,0.7
56,d,Poa secunda,3.4,8,0.7
57,d,Poa secunda,4.1,4,0.7
59,a,Poa secunda,3,7,0.7
59,b,Poa secunda,1.7,4,0.7
61,c,Poa secunda,2.8,4,0.7
63,b,PG14,2.8,20,0.7
63,c,Poa secunda,1.4,8,0.7
64,d,Poa secunda,1.4,13,0.7
65,a,PG18,2.3,22,0.7
68,c,Hesperostipa comata,2.3,10,0.7
52,a,Hesperostipa comata,3.6,14,0.71
52,b,Achnatherum hymenoides,2.7,26,0.71
52,b,Elymus elymoides,3.9,8,0.71
53,c,Poa secunda,3.1,4,0.71
54,d,Elymus elymoides,1.3,15,0.71
56,a,Poa secunda,1.3,12,0.71
56,d,Poa secunda,3.7,4,0.71
59,d,Poa secunda,1.4,7,0.71
59,d,Poa secunda,2.1,8,0.71
60,c,Hesperostipa comata,1.7,15,0.71
62,a,PG11,9.6,11,0.71
63,b,Poa secunda,3.5,6,0.71
65,d,PG18,1.9,14,0.71
65,d,Hesperostipa comata,1.4,14,0.71
66,a,Elymus elymoides,3.2,9,0.71
66,b,Elymus elymoides,1.2,16,0.71
67,c,Poa secunda,1.9,4,0.71
52,c,Achnatherum hymenoides,0.5,20,0.72
52,c,Elymus elymoides,1.5,23,0.72
55,c,Poa secunda,1.8,13,0.72
55,d,Poa secunda,3.2,5,0.72
56,a,Poa secunda,1.4,8,0.72
57,b,Poa secunda,1.7,19,0.72
58,b,Poa secunda,2.9,18,0.72
66,a,Poa secunda,2.1,14,0.72
66,c,Elymus elymoides,0.9,10,0.72
68,d,Hesperostipa comata,3.3,7,0.72
52,c,Achnatherum hymenoides,1.4,15,0.73
52,c,Achnatherum hymenoides,0.6,19,0.73
53,a,Poa secunda,1.4,13,0.73
53,a,Elymus elymoides,1.2,10,0.73
54,a,Elymus elymoides,2.8,10,0.73
54,c,Poa secunda,4.4,8,0.73
55,a,Poa secunda,3.3,3,0.73
56,b,Elymus elymoides,0.8,21,0.73
57,c,Hesperostipa comata,1.6,21,0.73
58,c,Elymus elymoides,3,13,0.73
59,c,Poa secunda,4.1,6,0.73
63,a,Poa secunda,6.3,12,0.73
63,b,Poa secunda,3.2,7,0.73
63,d,Poa secunda,1.7,3,0.73
63,d,Poa secunda,2.8,6,0.73
65,a,Elymus elymoides,4.5,24,0.73
66,a,Poa secunda,1.4,9,0.73
54,d,Elymus elymoides,0.8,25,0.74
55,a,Poa secunda,2.6,9,0.74
56,c,Poa secunda,5.4,5,0.74
57,a,Poa secunda,2.5,3,0.74
57,c,Poa secunda,1.3,11,0.74
58,a,Achnatherum hymenoides,1.1,17,0.74
58,b,Poa secunda,1.2,18,0.74
59,b,Poa secunda,2.7,6,0.74
60,a,Poa secunda,3.1,2,0.74
60,d,Poa secunda,2.2,5,0.74
64,d,Achnatherum hymenoides,2.1,13,0.74
65,d,Hesperostipa comata,3.1,13,0.74
67,c,Poa secunda,2.1,6,0.74
52,c,Hesperostipa comata,0.8,24,0.75
54,d,Achnatherum hymenoides,0.3,20,0.75
55,b,Poa secunda,3.6,4,0.75
55,c,Poa secunda,3.6,12,0.75
55,d,Achnatherum hymenoides,1.2,21,0.75
56,a,Poa secunda,2.1,7,0.75
57,c,Poa secunda,2.6,9,0.75
61,c,Poa secunda,3,8,0.75
63,c,Poa secunda,4.7,4,0.75
52,c,Elymus elymoides,3.3,16,0.76
53,a,Poa secunda,1.6,8,0.76
53,c,PG03,3.1,8,0.76
54,a,Elymus elymoides,2.9,13,0.76
55,a,Elymus elymoides,1.3,18,0.76
57,a,Poa secunda,2.7,5,0.76
57,b,Poa secunda,1.8,7,0.76
58,c,Elymus elymoides,1,22,0.76
59,a,Poa secunda,5.6,5,0.76
62,b,Poa secunda,6.5,4,0.76
63,b,Poa secunda,2.7,4,0.76
65,b,PG18,1.9,29,0.76
65,d,Hesperostipa comata,2.3,15,0.76
66,c,Elymus elymoides,2.7,20,0.76
66,d,Elymus elymoides,1.1,13,0.76
67,c,Poa secunda,2.3,7,0.76
67,c,Poa secunda,2.6,5,0.76
67,d,Poa secunda,2.1,9,0.76
56,b,Poa secunda,2,10,0.77
56,d,Poa secunda,3.3,5,0.77
57,c,Hesperostipa comata,1.9,16,0.77
62,a,Poa secunda,3.9,10,0.77
63,b,PG14,4.6,14,0.77
63,c,PG15,4.5,12,0.77
64,b,Poa secunda,1.2,19,0.77
66,b,Poa secunda,3.8,7,0.77
68,d,Poa secunda,1.3,7,0.77
53,b,Elymus elymoides,1.9,15,0.78
53,d,Elymus elymoides,1.8,14,0.78
55,c,Poa secunda,1.9,19,0.78
57,a,Poa secunda,2.7,4,0.78
57,a,Hesperostipa comata,2,16,0.78
59,a,Poa secunda,2.7,8,0.78
61,a,Poa secunda,5.9,6,0.78
61,c,Poa secunda,4.7,9,0.78
63,d,Poa secunda,2.1,7,0.78
66,d,Poa secunda,2,9,0.78
52,b,Poa secunda,5.8,8,0.79
54,b,Achnatherum hymenoides,1.1,20,0.79
56,a,Poa secunda,4.6,8,0.79
57,b,Poa secunda,7.4,8,0.79
57,c,Poa secunda,3.3,6,0.79
57,c,Hesperostipa comata,1.9,20,0.79
59,a,Poa secunda,4.9,7,0.79
60,d,Poa secunda,4.6,4,0.79
61,a,PG09,6.6,7,0.79
62,c,Elymus elymoides,1.5,21,0.79
62,c,Pseudoroegneria spicata,2.8,19,0.79
63,d,Poa secunda,1.9,10,0.79
65,b,PG19,1.4,22,0.79
66,b,Elymus elymoides,1.7,11,0.79
67,a,Poa secunda,2.9,6,0.79
67,d,Poa secunda,1.8,10,0.79
53,c,Poa secunda,7.4,7,0.8
55,a,Poa secunda,3.4,9,0.8
56,c,Poa secunda,2.7,8,0.8
56,d,Poa secunda,5.1,5,0.8
60,d,Poa secunda,1.8,5,0.8
61,d,Poa secunda,2.5,7,0.8
52,c,Achnatherum hymenoides,0.8,10,0.81
54,c,Achnatherum hymenoides,2.2,15,0.81
54,c,Poa secunda,4.8,9,0.81
58,b,Elymus elymoides,1.8,26,0.81
59,a,Poa secunda,2.4,9,0.81
66,b,Poa secunda,3.5,8,0.81
53,a,Poa secunda,1.6,6,0.82
54,a,Achnatherum hymenoides,2.6,16,0.82
54,d,Elymus elymoides,1.3,19,0.82
55,a,Poa secunda,3.2,5,0.82
55,b,Poa secunda,4.3,15,0.82
58,a,Poa secunda,1.9,11,0.82
59,d,Poa secunda,4.4,7,0.82
60,d,Poa secunda,3.7,4,0.82
60,d,Hesperostipa comata,4.3,16,0.82
61,a,Poa secunda,6.6,7,0.82
61,c,Poa secunda,1,8,0.82
61,c,Poa secunda,5,7,0.82
64,b,Achnatherum hymenoides,0.6,29,0.82
65,c,Hesperostipa comata,2.7,13,0.82
65,d,Poa secunda,2.2,19,0.82
66,a,Poa secunda,4.5,7,0.82
66,c,Elymus elymoides,1.1,23,0.82
67,c,Poa secunda,1.5,9,0.82
52,a,Elymus elymoides,2.1,13,0.83
52,d,Elymus elymoides,1.2,17,0.83
53,b,Poa secunda,3.2,12,0.83
53,b,Poa secunda,3,11,0.83
53,c,Poa secunda,3.6,5,0.83
54,b,Elymus elymoides,0.7,18,0.83
54,d,Elymus elymoides,1.7,12,0.83
56,a,Poa secunda,5.6,12,0.83
56,b,Poa secunda,4,13,0.83
57,b,Poa secunda,0.8,5,0.83
58,b,Poa secunda,1.6,13,0.83
58,d,Achnatherum hymenoides,1.1,24,0.83
59,a,Poa secunda,4.1,6,0.83
60,c,Poa secunda,3.2,6,0.83
60,c,Poa secunda,3.4,5,0.83
65,d,Hesperostipa comata,4.6,14,0.83
66,a,Poa secunda,5.5,8,0.83
66,b,Elymus elymoides,1.9,19,0.83
67,a,Elymus elymoides,1,28,0.83
52,d,Achnatherum hymenoides,1.8,19,0.84
54,b,Achnatherum hymenoides,1.2,16,0.84
56,d,Poa secunda,4.8,4,0.84
58,d,Achnatherum hymenoides,1.9,18,0.84
60,c,Poa secunda,5.1,3,0.84
64,b,Achnatherum hymenoides,0.9,22,0.84
64,c,Elymus elymoides,0.9,16,0.84
66,c,Elymus elymoides,1.3,22,0.84
53,c,Elymus elymoides,3,8,0.85
57,c,Elymus elymoides,1.3,30,0.85
61,a,Poa secunda,4.1,11,0.85
61,c,Poa secunda,4.7,5,0.85
63,c,Poa secunda,3.2,4,0.85
66,b,Achnatherum hymenoides,1.6,18,0.85
66,b,Poa secunda,2.6,7,0.85
66,d,Elymus elymoides,1.8,16,0.85
67,a,Poa secunda,4.4,4,0.85
53,c,Poa secunda,1.6,11,0.86
54,d,Elymus elymoides,0.6,18,0.86
55,a,Poa secunda,2.9,15,0.86
56,c,Poa secunda,2.8,17,0.86
58,a,Poa secunda,1.1,12,0.86
58,a,Elymus elymoides,0.7,28,0.86
58,b,Poa secunda,1.9,18,0.86
59,d,Poa secunda,3.4,5,0.86
60,d,Poa secunda,4,3,0.86
63,c,PG15,2.1,6,0.86
66,c,Poa secunda,1.1,5,0.86
54,d,Poa secunda,2.6,18,0.87
55,d,Poa secunda,4.5,14,0.87
55,d,Poa secunda,1.3,22,0.87
56,b,Poa secunda,3.6,12,0.87
56,c,Poa secunda,1.7,5,0.87
59,a,Poa secunda,3.1,5,0.87
59,c,Poa secunda,1.9,9,0.87
61,c,Poa secunda,6.8,5,0.87
62,b,Poa secunda,2.7,17,0.87
65,a,PG17,2.9,9,0.87
65,c,PG18,1.8,13,0.87
66,d,Elymus elymoides,0.9,14,0.87
52,a,Poa secunda,5.3,10,0.88
52,a,Elymus elymoides,5.1,8,0.88
56,b,Poa secunda,2.3,8,0.88
62,b,Elymus elymoides,1.7,18,0.88
64,d,Achnatherum hymenoides,1.4,16,0.88
67,a,Poa secunda,4.1,5,0.88
67,d,Poa secunda,3.8,4,0.88
56,d,Achnatherum hymenoides,2.2,14,0.89
57,b,Poa secunda,2.8,5,0.89
59,c,Poa secunda,4,6,0.89
61,c,agropyron cristatum,1.6,0.8,0.89
63,c,PG15,0.8,19,0.89
64,c,Poa secunda,1.3,20,0.89
65,d,Hesperostipa comata,2.2,11,0.89
68,d,Poa secunda,2,10,0.89
55,a,Poa secunda,4.2,14,0.9
56,c,Poa secunda,4.8,7,0.9
59,c,Poa secunda,3.7,4,0.9
60,a,Poa secunda,2.1,4,0.9
62,c,Poa secunda,3.6,7,0.9
64,a,Elymus elymoides,0.7,17,0.9
64,a,Hesperostipa comata,1.8,13,0.9
66,a,Elymus elymoides,0.7,27,0.9
67,a,Pseudoroegneria spicata,0.4,32,0.9
67,c,Poa secunda,1.8,7,0.9
53,c,Poa secunda,2.4,4,0.91
53,c,Poa secunda,1.9,12,0.91
57,d,Poa secunda,4.7,5,0.91
59,c,Poa secunda,3.1,9,0.91
59,d,Poa secunda,6.2,4,0.91
62,d,PG11,3.8,12,0.91
63,c,PG15,3.5,10,0.91
64,a,Poa secunda,2.8,22,0.91
64,d,Achnatherum hymenoides,1.1,17,0.91
67,c,Poa secunda,3.5,4,0.91
52,a,Poa secunda,11.4,5,0.92
53,b,Poa secunda,4.5,5,0.92
54,c,Achnatherum hymenoides,5.5,19,0.92
56,a,Elymus elymoides,3.9,13,0.92
60,b,Elymus elymoides,5.4,17,0.92
64,a,Achnatherum hymenoides,1.4,29,0.92
64,d,Elymus elymoides,1.1,26,0.92
52,a,Poa secunda,2.8,10,0.93
53,b,Poa secunda,4.9,10,0.93
56,b,Poa secunda,4.1,11,0.93
57,a,PG05,2,15,0.93
57,b,Poa secunda,2.7,6,0.93
58,c,Elymus elymoides,1.4,18,0.93
64,a,Hesperostipa comata,1,25,0.93
66,b,Poa secunda,2,23,0.93
52,a,Achnatherum hymenoides,1.1,25,0.94
52,b,Elymus elymoides,4.6,10,0.94
56,a,Elymus elymoides,1.7,19,0.94
56,a,Poa secunda,2.5,6,0.94
57,d,Poa secunda,2.3,6,0.94
58,a,Poa secunda,1.1,10,0.94
59,a,Elymus elymoides,1.5,10,0.94
62,a,Poa secunda,2.1,7,0.94
64,a,Hesperostipa comata,2.3,13,0.94
66,a,Poa secunda,0.9,10,0.94
67,b,Poa secunda,4,5,0.94
56,a,Poa secunda,5.9,14,0.95
58,d,Achnatherum hymenoides,0.8,20,0.95
59,a,Poa secunda,2.8,5,0.95
61,c,PG09,3.1,6,0.95
61,d,PG09,6.9,11,0.95
64,b,Achnatherum hymenoides,0.8,33,0.95
67,b,Poa secunda,1.7,8,0.95
55,b,Poa secunda,2.4,13,0.96
57,d,Poa secunda,1.6,8,0.96
58,c,Elymus elymoides,1.1,22,0.96
60,b,Poa secunda,3.7,5,0.96
65,c,PG19,4.1,21,0.96
66,c,Elymus elymoides,1.6,26,0.96
67,d,Pseudoroegneria spicata,3.2,22,0.96
52,d,Achnatherum hymenoides,1.8,22,0.97
53,b,Poa secunda,3.2,10,0.97
53,c,Poa secunda,0.9,20,0.97
54,c,Poa secunda,4.5,10,0.97
55,c,Poa secunda,2,18,0.97
57,d,Poa secunda,3.5,5,0.97
60,a,Poa secunda,1.6,5,0.97
60,c,Hesperostipa comata,2,23,0.97
61,a,Poa secunda,1.3,13,0.97
63,d,Poa secunda,2.6,7,0.97
66,a,Poa secunda,2.8,7,0.97
67,b,Poa secunda,2.2,9,0.97
56,b,Poa secunda,2.4,5,0.98
59,d,Poa secunda,2.5,6,0.98
61,a,Poa secunda,5.5,4,0.98
62,d,Elymus elymoides,2.7,22,0.98
65,a,PG18,1.7,23,0.98
53,b,Poa secunda,2.5,11,0.99
55,a,Achnatherum hymenoides,3,11,0.99
55,b,Poa secunda,4,9,0.99
56,c,Poa secunda,6,6,0.99
60,b,Poa secunda,2.9,3,0.99
61,a,PG09,4.9,6,0.99
63,d,Poa secunda,2.2,6,0.99
64,c,Poa secunda,1.3,8,0.99
52,b,Elymus elymoides,1.2,19,1
56,b,Hesperostipa comata,3.8,11,1
61,d,Poa secunda,1.9,19,1
63,d,Poa secunda,2.6,5,1
63,d,Poa secunda,2.6,4,1
65,a,PG18,2.2,28,1
66,a,Elymus elymoides,1.5,23,1
52,b,Poa secunda,9.3,7,1.01
55,d,Poa secunda,2.1,13,1.01
56,a,Poa secunda,5.2,13,1.01
56,b,Hesperostipa comata,3.7,17,1.01
56,c,Poa secunda,5.2,11,1.01
57,b,Poa secunda,2.9,6,1.01
59,a,Poa secunda,4.3,5,1.01
61,a,PG09,4.8,9,1.01
63,b,Poa secunda,1.7,13,1.01
64,c,Poa secunda,1.4,23,1.01
66,d,Poa secunda,2.3,10,1.01
67,d,Poa secunda,5.6,4,1.01
52,c,Hesperostipa comata,2,16,1.02
53,b,Poa secunda,2.6,11,1.02
53,d,Poa secunda,1.9,10,1.02
58,b,Poa secunda,2.2,8,1.02
61,b,PG09,1.5,22,1.02
64,c,Poa secunda,2.5,15,1.02
67,c,Poa secunda,2,8,1.02
52,a,Hesperostipa comata,2.8,8,1.03
54,b,Achnatherum hymenoides,3.1,17,1.03
54,d,Elymus elymoides,2.1,14,1.03
54,d,Elymus elymoides,2.6,16,1.03
55,b,Poa secunda,1.1,23,1.03
57,b,Poa secunda,2.8,8,1.03
60,b,Hesperostipa comata,1.8,19,1.03
60,b,Poa secunda,5.5,3,1.03
63,c,Elymus elymoides,0.7,16,1.03
67,a,Poa secunda,2.7,9,1.03
52,b,Achnatherum hymenoides,4.9,17,1.04
57,c,Hesperostipa comata,6.5,12,1.04
57,d,Poa secunda,2.6,4,1.04
57,d,Poa secunda,4.6,10,1.04
59,a,Elymus elymoides,0.8,20,1.04
60,b,Poa secunda,2.6,5,1.04
60,c,Hesperostipa comata,1.6,21,1.04
66,b,Elymus elymoides,2.8,16,1.04
52,b,Elymus elymoides,6,7,1.05
52,b,Elymus elymoides,2.5,11,1.05
53,c,Poa secunda,2.5,7,1.05
53,d,Poa secunda,2.1,9,1.05
54,d,Elymus elymoides,2.1,18,1.05
58,c,Elymus elymoides,2.9,22,1.05
59,b,Poa secunda,1.1,6,1.05
59,c,Poa secunda,1.7,8,1.05
60,d,Poa secunda,1.5,8,1.05
62,c,Poa secunda,1.8,5,1.05
65,d,Hesperostipa comata,4.8,14,1.05
68,a,Hesperostipa comata,1.3,19,1.05
55,c,Poa secunda,2.6,14,1.06
60,c,Poa secunda,2.7,6,1.06
61,d,Poa secunda,2.2,9,1.06
62,b,PG12,2.2,21,1.06
63,c,Poa secunda,5,9,1.06
65,c,PG19,1.7,22,1.06
66,a,Poa secunda,3,5,1.06
56,c,Poa secunda,4.8,8,1.07
57,b,Poa secunda,3.1,7,1.07
57,c,Poa secunda,6,6,1.07
60,b,Poa secunda,3.5,4,1.07
61,b,PG10,4.3,24,1.07
63,d,Poa secunda,2.1,5,1.07
64,d,Elymus elymoides,0.9,19,1.07
66,c,Poa secunda,1.7,8,1.07
67,c,Poa secunda,2.8,6,1.07
59,a,Poa secunda,1.2,5,1.08
52,d,Achnatherum hymenoides,0.9,15,1.09
57,c,Hesperostipa comata,3.5,18,1.09
59,d,Poa secunda,5.7,4,1.09
61,c,Poa secunda,6.7,4,1.09
64,c,Poa secunda,2.6,9,1.09
67,c,Poa secunda,3,5,1.09
67,d,Poa secunda,1.1,18,1.09
57,b,Poa secunda,2.4,12,1.1
60,b,Poa secunda,2.7,7,1.1
67,c,Poa secunda,1.2,14,1.1
54,d,Achnatherum hymenoides,3.7,19,1.11
57,a,Poa secunda,2.6,7,1.11
60,c,Poa secunda,1.5,5,1.11
68,a,Poa secunda,1.9,11,1.11
68,d,Poa secunda,2.1,3,1.11
52,a,Achnatherum hymenoides,4.4,12,1.12
52,b,Achnatherum hymenoides,2.5,11,1.12
52,c,Hesperostipa comata,3.8,12,1.12
55,d,Poa secunda,4,10,1.12
56,a,Poa secunda,1.4,8,1.12
58,b,Poa secunda,1.1,22,1.12
58,d,Achnatherum hymenoides,1.6,28,1.12
62,c,PG11,3.9,21,1.12
62,d,Poa secunda,2.9,6,1.12
67,a,Poa secunda,4,7,1.12
52,b,Achnatherum hymenoides,3.1,15,1.13
53,b,Poa secunda,3.8,11,1.13
55,b,Poa secunda,5.9,12,1.13
57,d,Hesperostipa comata,3.5,19,1.13
64,d,Poa secunda,1.5,9,1.13
65,a,PG18,1.6,14,1.13
65,b,PG20,5.7,18,1.13
52,b,Elymus elymoides,1.9,19,1.14
54,c,Achnatherum hymenoides,3.2,14,1.14
54,c,Poa secunda,2.1,17,1.14
57,b,Poa secunda,3.7,5,1.14
57,d,Poa secunda,2.6,6,1.14
58,b,Poa secunda,1.2,21,1.14
59,c,Poa secunda,2.3,11,1.14
61,a,Poa secunda,3.5,10,1.14
63,d,Elymus elymoides,2.2,20,1.14
67,d,Poa secunda,1.9,9,1.14
53,b,Poa secunda,1.7,12,1.15
57,a,Poa secunda,4.7,6,1.15
57,c,Poa secunda,3.6,8,1.15
59,a,Poa secunda,8.1,5,1.15
59,c,Poa secunda,1.7,7,1.15
64,a,Achnatherum hymenoides,0.6,41,1.15
52,b,Elymus elymoides,4.9,8,1.16
52,d,Achnatherum hymenoides,3.4,15,1.16
53,b,Poa secunda,2.2,10,1.16
53,c,PG03,2.1,13,1.16
58,a,Poa secunda,5,14,1.16
62,d,PG11,2.9,9,1.16
64,a,Achnatherum hymenoides,0.4,40,1.16
67,a,Poa secunda,1.4,44,1.16
52,a,Poa secunda,14.6,5,1.17
54,b,Achnatherum hymenoides,3.1,18,1.17
56,b,Poa secunda,6.2,3,1.17
57,c,Poa secunda,1.9,7,1.17
63,d,Poa secunda,2.7,5,1.17
66,b,Poa secunda,3.8,12,1.17
52,b,Achnatherum hymenoides,3.7,15,1.18
53,b,Poa secunda,5.5,11,1.18
56,a,Poa secunda,2.2,13,1.18
57,a,Poa secunda,3.8,6,1.18
56,a,Poa secunda,3.9,6,1.19
56,a,Elymus elymoides,4.1,20,1.19
56,c,Poa secunda,7.2,5,1.19
59,b,Poa secunda,3.7,6,1.19
62,d,Poa secunda,2.5,18,1.19
63,d,Poa secunda,3.7,4,1.19
64,c,Poa secunda,1.1,17,1.19
64,c,Poa secunda,1.5,29,1.19
54,c,Poa secunda,1.8,18,1.2
57,a,Poa secunda,2.5,9,1.2
57,b,Poa secunda,3.1,11,1.2
53,a,Poa secunda,2.4,9,1.21
54,a,Elymus elymoides,4,7,1.21
55,d,Poa secunda,4.1,10,1.21
56,a,Poa secunda,4.1,19,1.21
63,d,Poa secunda,1.8,4,1.21
64,c,Poa secunda,1.5,17,1.21
67,d,Poa secunda,2.9,11,1.21
52,c,Achnatherum hymenoides,2.4,16,1.22
53,a,Poa secunda,2,14,1.22
53,b,Poa secunda,2,11,1.22
54,c,Poa secunda,2,22,1.22
55,c,Poa secunda,2.7,11,1.22
56,d,Poa secunda,7.8,3,1.22
57,c,Poa secunda,3.6,4,1.22
57,c,Poa secunda,2.3,6,1.22
67,a,Elymus elymoides,1.9,23,1.22
52,d,Achnatherum hymenoides,1.1,19,1.23
53,a,Poa secunda,2.9,9,1.23
54,b,Elymus elymoides,1.5,15,1.23
62,c,Poa secunda,1.8,20,1.23
66,c,Poa secunda,1.1,8,1.23
67,c,Poa secunda,2.4,6,1.23
52,a,Achnatherum hymenoides,2.3,17,1.24
53,a,Poa secunda,2.7,11,1.24
53,c,Poa secunda,6,12,1.24
54,d,Poa secunda,3.6,14,1.24
55,b,Poa secunda,3.9,17,1.24
57,c,Poa secunda,4.5,11,1.24
57,d,Poa secunda,3.7,7,1.24
63,d,Poa secunda,5.1,10,1.24
63,d,Poa secunda,1.3,13,1.24
54,d,Elymus elymoides,2.8,17,1.25
55,b,Elymus elymoides,1.9,16,1.25
58,c,Elymus elymoides,2.4,17,1.25
56,a,Poa secunda,1.7,7,1.26
57,b,Poa secunda,4,7,1.26
59,a,Achnatherum hymenoides,9,24,1.26
63,d,Poa secunda,4.4,3,1.26
66,d,Elymus elymoides,2.2,15,1.26
67,b,Poa secunda,2.7,11,1.26
54,b,Achnatherum hymenoides,0.6,21,1.27
58,a,Poa secunda,1.8,12,1.27
59,a,Poa secunda,3.3,7,1.27
62,c,Elymus elymoides,1.7,17,1.27
66,c,Elymus elymoides,0.5,25,1.27
52,a,Elymus elymoides,1.7,25,1.28
54,a,Elymus elymoides,2.7,10,1.28
65,d,Hesperostipa comata,1.7,21,1.28
66,b,Elymus elymoides,1.7,31,1.28
67,d,Poa secunda,4.5,4,1.28
54,a,Elymus elymoides,1.9,8,1.29
55,b,Poa secunda,3.9,17,1.29
55,d,Poa secunda,5.5,10,1.29
57,a,Poa secunda,2.7,5,1.29
63,b,Poa secunda,4.2,7,1.29
53,a,Poa secunda,3.9,7,1.3
53,b,Poa secunda,3.5,10,1.3
56,a,Elymus elymoides,2.4,10,1.3
57,d,Poa secunda,2.2,12,1.3
59,b,Poa secunda,1.8,11,1.3
60,b,Poa secunda,3.7,5,1.3
66,a,Poa secunda,5.6,10,1.3
67,b,Poa secunda,7.4,8,1.3
58,d,Elymus elymoides,1.3,22,1.31
62,c,Poa secunda,1.8,19,1.31
65,a,PG19,2.6,22,1.31
68,c,Poa secunda,3.7,3,1.31
58,a,Poa secunda,1.9,16,1.32
59,a,Pseudoroegneria spicata,2.3,13,1.32
62,d,Poa secunda,2.8,20,1.32
64,c,Poa secunda,2,18,1.32
52,a,Hesperostipa comata,2.8,10,1.33
54,a,Elymus elymoides,1.8,12,1.33
66,c,Elymus elymoides,1.4,19,1.33
53,a,Poa secunda,2.1,7,1.34
53,b,Poa secunda,5.3,12,1.34
54,c,Poa secunda,1.7,17,1.34
55,a,Poa secunda,4.7,13,1.34
57,a,Poa secunda,1.5,9,1.34
60,d,Hesperostipa comata,2.6,19,1.34
64,c,Poa secunda,2.1,11,1.34
67,a,Poa secunda,3.1,7,1.34
55,d,Poa secunda,4.1,10,1.35
57,d,Poa secunda,2.7,12,1.35
57,d,Poa secunda,3,12,1.35
57,d,Poa secunda,3.5,7,1.35
58,c,Elymus elymoides,2.4,23,1.35
59,b,Poa secunda,2.2,11,1.35
59,c,Poa secunda,2.8,9,1.35
60,a,Poa secunda,2.1,10,1.35
66,b,Elymus elymoides,1.2,20,1.35
54,b,Elymus elymoides,1.4,20,1.36
57,c,Poa secunda,4.9,6,1.36
57,c,Poa secunda,2.2,5,1.36
57,c,Poa secunda,2.8,12,1.36
58,d,Elymus elymoides,2.1,21,1.36
62,a,Elymus elymoides,2,25,1.36
56,b,Poa secunda,5.1,8,1.37
57,b,Poa secunda,3,5,1.37
61,d,Poa secunda,2.6,8,1.37
67,b,Poa secunda,4.3,6,1.37
52,a,Elymus elymoides,2.3,10,1.38
53,d,Elymus elymoides,1.9,27,1.38
54,b,Achnatherum hymenoides,3.1,14,1.38
55,d,Poa secunda,2.9,18,1.38
58,b,Poa secunda,1.9,14,1.38
58,d,Elymus elymoides,1.2,29,1.38
63,d,Poa secunda,3.6,8,1.38
65,d,Hesperostipa comata,2.6,13,1.38
58,d,Achnatherum hymenoides,2.7,24,1.39
64,b,Achnatherum hymenoides,1.5,33,1.39
66,c,Poa secunda,4.2,11,1.39
54,a,Elymus elymoides,1.8,17,1.4
60,c,Hesperostipa comata,1.7,17,1.4
61,a,Poa secunda,3.3,4,1.4
61,a,Poa secunda,1.9,26,1.4
62,d,Pseudoroegneria spicata,8.7,21,1.4
65,b,PG19,2.8,26,1.4
66,c,Elymus elymoides,1.2,16,1.4
66,d,Elymus elymoides,1.5,24,1.4
55,b,Elymus elymoides,4.3,21,1.41
61,d,PG09,3.2,8,1.41
63,a,Poa secunda,3.4,9,1.41
67,a,Poa secunda,2,8,1.41
53,c,Poa secunda,4.4,5,1.42
54,b,Elymus elymoides,2.6,22,1.42
57,b,Poa secunda,4,12,1.42
58,a,Poa secunda,1.8,16,1.42
52,b,Achnatherum hymenoides,4.4,16,1.43
54,a,Elymus elymoides,6.3,12,1.43
58,d,Achnatherum hymenoides,1.5,28,1.43
53,a,PG02,6.4,12,1.44
54,c,Poa secunda,1.7,12,1.44
56,d,Poa secunda,5,6,1.44
57,a,Poa secunda,3.6,10,1.44
64,c,Poa secunda,2.2,8,1.44
54,d,Achnatherum hymenoides,2.8,18,1.45
55,c,Poa secunda,2.2,19,1.45
65,d,Hesperostipa comata,3.3,17,1.45
66,b,Achnatherum hymenoides,4.4,17,1.45
52,c,Achnatherum hymenoides,2.2,15,1.46
54,b,Elymus elymoides,1,25,1.46
57,b,Poa secunda,6,11,1.46
65,b,PG18,3.5,15,1.46
67,b,Poa secunda,2.3,5,1.46
52,a,Poa secunda,2.2,16,1.47
53,a,Poa secunda,2.2,21,1.47
54,a,Elymus elymoides,5.7,15,1.47
54,a,Elymus elymoides,9.6,13,1.47
57,a,Elymus elymoides,3.5,22,1.47
57,a,Poa secunda,2.8,6,1.47
58,b,Poa secunda,1.3,21,1.47
58,c,Elymus elymoides,2.4,19,1.47
59,b,Poa secunda,4.5,5,1.47
52,c,Elymus elymoides,2,28,1.48
55,c,Poa secunda,1.5,22,1.48
56,b,Poa secunda,3.9,10,1.48
56,b,Poa secunda,5,8,1.48
58,b,Poa secunda,2.6,13,1.48
59,a,Poa secunda,3.5,6,1.48
63,c,Poa secunda,4.6,6,1.48
54,a,Elymus elymoides,3.8,20,1.49
58,d,Elymus elymoides,2.8,20,1.49
62,d,Poa secunda,2.2,14,1.49
64,d,Poa secunda,2.2,14,1.49
60,b,Hesperostipa comata,4.8,13,1.5
54,c,Achnatherum hymenoides,2.9,15,1.51
57,d,Hesperostipa comata,2.8,16,1.51
59,b,Poa secunda,5.7,5,1.51
63,d,PG14,3.1,22,1.51
52,b,Elymus elymoides,5.9,12,1.52
52,b,Elymus elymoides,7.3,9,1.52
54,a,Elymus elymoides,3.4,12,1.52
57,b,PG05,1.4,20,1.52
61,b,Poa secunda,3.6,7,1.52
64,b,Hesperostipa comata,2.7,11,1.52
64,c,Poa secunda,1.2,20,1.52
63,d,Poa secunda,2.2,7,1.53
52,c,Achnatherum hymenoides,5.2,15,1.54
53,d,Poa secunda,1.9,14,1.54
54,d,Elymus elymoides,2.8,15,1.54
57,d,Poa secunda,4.1,12,1.54
54,a,Elymus elymoides,3.6,19,1.55
55,c,Poa secunda,3,23,1.55
63,c,Poa secunda,3.7,4,1.55
67,d,Poa secunda,4.5,7,1.55
53,d,Elymus elymoides,4.3,17,1.56
54,c,Poa secunda,1.3,18,1.56
55,a,Poa secunda,1.8,12,1.56
58,b,Poa secunda,0.7,25,1.56
63,c,Poa secunda,3.9,9,1.56
63,c,Poa secunda,3.1,9,1.56
52,b,Achnatherum hymenoides,2.7,16,1.57
54,a,Elymus elymoides,1,21,1.57
54,d,Elymus elymoides,1.3,16,1.57
55,d,Achnatherum hymenoides,3.2,16,1.58
56,c,Poa secunda,8.6,4,1.58
58,c,Elymus elymoides,1.3,26,1.58
59,c,Poa secunda,1.9,6,1.58
63,d,Poa secunda,3.5,7,1.58
52,d,Hesperostipa comata,2.7,14,1.59
52,d,Achnatherum hymenoides,1.5,20,1.59
52,b,Achnatherum hymenoides,2.5,20,1.6
54,a,Elymus elymoides,2.9,12,1.6
59,c,Poa secunda,3.4,7,1.6
63,c,Poa secunda,3.8,5,1.6
53,a,Poa secunda,1.9,8,1.61
67,d,Poa secunda,2,15,1.61
52,c,Achnatherum hymenoides,1.3,26,1.62
54,c,Achnatherum hymenoides,4.1,17,1.62
55,c,Poa secunda,4,18,1.62
57,b,Poa secunda,5,13,1.62
57,d,Poa secunda,3.8,6,1.62
59,b,Poa secunda,2.4,17,1.62
53,a,Poa secunda,2.6,8,1.63
55,d,Achnatherum hymenoides,2,18,1.63
56,a,Elymus elymoides,2.5,13,1.63
59,d,Poa secunda,4,7,1.63
60,d,Poa secunda,2.6,6,1.63
66,b,Elymus elymoides,2.5,16,1.63
52,d,Achnatherum hymenoides,1.4,15,1.64
59,a,Pseudoroegneria spicata,3.8,39,1.64
59,c,Poa secunda,2.6,9,1.64
65,d,Hesperostipa comata,2.9,20,1.64
52,c,Hesperostipa comata,3.3,13,1.65
52,d,Poa secunda,2.7,22,1.65
53,a,Poa secunda,2.6,9,1.65
57,d,Hesperostipa comata,4.8,14,1.65
59,a,Poa secunda,3.1,10,1.65
59,d,Poa secunda,5.9,5,1.65
64,d,Poa secunda,2.4,13,1.65
66,c,Elymus elymoides,2,16,1.65
66,d,Poa secunda,3.5,11,1.65
67,d,Poa secunda,2.2,6,1.65
52,a,Achnatherum hymenoides,3.1,20,1.66
53,a,Poa secunda,3.4,10,1.66
55,a,Poa secunda,2.2,14,1.67
67,c,Pseudoroegneria spicata,2.6,15,1.67
53,a,Poa secunda,7.2,8,1.68
53,d,Elymus elymoides,1.8,21,1.68
58,a,Poa secunda,0.9,21,1.68
59,c,Poa secunda,1.1,12,1.68
64,d,Elymus elymoides,1.4,23,1.68
52,b,Achnatherum hymenoides,3.8,17,1.69
57,b,Poa secunda,7,5,1.69
52,c,Achnatherum hymenoides,2,15,1.7
55,d,Poa secunda,4.9,19,1.7
56,d,Poa secunda,4.2,8,1.7
58,a,Poa secunda,2.2,19,1.7
64,b,Poa secunda,1,12,1.7
52,c,Hesperostipa comata,2,21,1.71
58,a,Achnatherum hymenoides,3.7,23,1.71
64,b,Achnatherum hymenoides,0.9,33,1.71
65,b,PG20,3.3,12,1.71
52,a,Elymus elymoides,2.3,13,1.72
52,d,Elymus elymoides,2.8,14,1.72
56,b,Poa secunda,4.3,6,1.72
56,d,Elymus elymoides,4.4,15,1.72
60,c,Hesperostipa comata,2.3,32,1.72
61,c,Poa secunda,2,14,1.72
65,d,Hesperostipa comata,2.8,28,1.72
54,c,Poa secunda,2.9,20,1.73
53,d,Poa secunda,3.3,12,1.74
54,c,Achnatherum hymenoides,1.4,19,1.74
58,b,Achnatherum hymenoides,4.1,20,1.74
54,c,Achnatherum hymenoides,2.3,23,1.75
62,d,PG12,4.8,16,1.75
66,b,Elymus elymoides,4,13,1.75
66,b,Elymus elymoides,2.6,20,1.75
66,c,Poa secunda,2,15,1.75
52,c,Achnatherum hymenoides,3.9,20,1.76
52,d,Achnatherum hymenoides,1,24,1.76
53,a,Poa secunda,5.4,9,1.76
53,c,Poa secunda,9.8,5,1.76
54,a,Elymus elymoides,5.7,11,1.76
57,b,Poa secunda,3.9,9,1.76
59,a,Poa secunda,1.9,12,1.76
61,d,Poa secunda,2,14,1.76
64,b,Achnatherum hymenoides,3.1,26,1.76
66,c,Elymus elymoides,1.5,25,1.76
54,a,Elymus elymoides,3,14,1.77
63,d,Poa secunda,2.1,7,1.77
52,d,Elymus elymoides,21,18,1.78
58,d,Achnatherum hymenoides,2,26,1.78
59,a,Elymus elymoides,3.9,6,1.78
61,b,PG09,5.7,12,1.78
66,b,Elymus elymoides,2.9,20,1.78
67,c,Poa fendleriana,3.5,29,1.78
53,b,Poa secunda,1.9,13,1.79
60,b,Poa secunda,3.4,9,1.79
53,a,Poa secunda,4,6,1.8
63,c,Poa secunda,6.7,6,1.8
67,c,Poa secunda,3.6,10,1.8
53,a,Poa secunda,4.5,16,1.81
54,c,Elymus elymoides,7.7,17,1.81
56,d,Poa secunda,5.8,11,1.81
56,d,Poa secunda,2.6,7,1.81
57,d,Poa secunda,2.5,12,1.81
64,d,Elymus elymoides,1.8,19,1.81
67,d,Poa secunda,2.7,14,1.81
54,b,Elymus elymoides,3.5,16,1.82
66,c,Elymus elymoides,2.8,29,1.82
52,a,Achnatherum hymenoides,1.2,27,1.83
54,d,Elymus elymoides,2.6,20,1.83
62,c,PG11,5.8,20,1.83
66,b,Achnatherum hymenoides,2.2,22,1.83
57,b,Poa secunda,3.7,5,1.84
59,d,Poa secunda,3,10,1.84
52,a,Poa secunda,5.6,25,1.85
61,a,PG09,2.7,20,1.85
54,b,Achnatherum hymenoides,2.6,16,1.86
55,c,Poa secunda,2,18,1.86
58,b,Elymus elymoides,0.9,15,1.86
58,b,Poa secunda,5.9,15,1.87
58,d,Achnatherum hymenoides,3.1,25,1.87
63,c,PG15,3.7,14,1.87
55,b,Poa secunda,2.5,17,1.88
60,b,Hesperostipa comata,3.3,13,1.88
62,c,PG11,2.8,13,1.88
55,b,Poa secunda,4.4,16,1.89
55,c,Poa secunda,3.4,14,1.89
56,d,Pseudoroegneria spicata,5.3,21,1.89
58,b,Poa secunda,2,22,1.89
68,c,Poa fendleriana,1.6,17,1.9
52,a,Poa secunda,3.8,23,1.91
54,c,Achnatherum hymenoides,1.4,26,1.91
55,b,Poa secunda,3,16,1.91
57,a,Hesperostipa comata,5.9,14,1.91
59,b,Poa secunda,2.8,18,1.91
61,b,PG09,5.8,16,1.92
63,a,Elymus elymoides,3.3,39,1.92
67,b,Poa secunda,4.6,4,1.92
52,a,Hesperostipa comata,2.5,16,1.93
56,c,Poa secunda,2.9,12,1.93
58,d,Achnatherum hymenoides,2.5,21,1.93
62,a,Elymus elymoides,2.1,24,1.94
52,b,Elymus elymoides,0.9,22,1.96
58,a,Poa secunda,1.2,26,1.96
59,b,Poa secunda,3.8,17,1.96
59,c,Poa secunda,4,11,1.96
67,d,Poa secunda,2.2,10,1.96
52,c,Elymus elymoides,1.9,17,1.97
53,b,Poa secunda,4.9,12,1.97
56,a,Poa secunda,3.2,5,1.97
56,a,Elymus elymoides,9.5,8,1.97
57,a,Poa secunda,4.6,5,1.97
57,c,Poa secunda,4.2,7,1.97
58,d,Achnatherum hymenoides,1.7,23,1.97
61,c,PG09,8.2,19,1.97
54,a,Elymus elymoides,2.9,9,1.98
57,d,Poa secunda,2.7,17,1.98
64,a,Elymus elymoides,1.1,37,1.98
52,c,Hesperostipa comata,2.1,15,1.99
55,d,Poa secunda,3.4,18,1.99
61,d,PG09,4.1,17,1.99
66,b,Elymus elymoides,4.6,20,1.99
58,b,Poa secunda,3.9,13,2
58,b,Poa secunda,1.8,29,2
63,c,PG15,2.6,15,2
63,c,Poa secunda,4,8,2
66,c,Elymus elymoides,1.8,22,2
57,d,Poa secunda,3.6,10,2.01
61,a,PG09,3.5,15,2.02
62,c,Pseudoroegneria spicata,3.7,32,2.02
56,b,Hesperostipa comata,7.1,15,2.03
57,c,Poa secunda,3.7,5,2.04
64,c,Poa secunda,1.9,15,2.04
61,c,agropyron cristatum,1.7,39,2.05
67,c,Poa secunda,2,7,2.05
67,d,Pseudoroegneria spicata,7.3,20,2.05
52,a,Poa secunda,2.3,14,2.06
54,a,Elymus elymoides,2.8,18,2.06
54,d,Achnatherum hymenoides,2.3,16,2.06
64,d,Poa secunda,1.7,15,2.06
58,c,Achnatherum hymenoides,1.7,25,2.07
60,b,Poa secunda,5.1,12,2.07
62,d,Poa secunda,3.2,24,2.07
64,d,Poa secunda,2.2,15,2.07
53,b,Poa secunda,3.5,8,2.08
66,c,Poa secunda,1.9,13,2.08
54,c,Poa secunda,5.6,13,2.09
54,d,Poa secunda,3.1,21,2.09
61,a,PG09,5,11,2.09
61,d,Poa secunda,3.8,18,2.09
64,b,Achnatherum hymenoides,3,40,2.09
64,c,Poa secunda,1.8,10,2.09
67,d,Poa secunda,3.1,9,2.09
52,a,PG01,3.2,16,2.1
54,a,Elymus elymoides,7.5,10,2.12
57,b,Poa secunda,2.4,17,2.12
57,b,Poa secunda,4.5,7,2.12
57,c,Poa secunda,4.3,4,2.12
52,c,Elymus elymoides,2.1,24,2.13
54,c,Poa secunda,3.9,14,2.13
55,b,Poa secunda,6.1,15,2.13
56,a,Poa secunda,5.2,11,2.13
59,c,Pseudoroegneria spicata,2.2,27,2.13
64,a,Hesperostipa comata,3.1,21,2.13
61,d,PG09,4.1,23,2.15
65,d,Hesperostipa comata,3.5,22,2.15
54,d,Poa secunda,3.2,17,2.16
55,a,Poa secunda,8.8,4,2.16
55,a,Poa secunda,1.9,30,2.16
63,c,PG15,10.1,11,2.16
56,d,Poa secunda,4.6,10,2.18
56,d,Poa secunda,8.2,4,2.19
64,a,Hesperostipa comata,3,34,2.19
56,c,Poa secunda,4.4,9,2.2
63,a,PG15,4.2,16,2.2
52,b,Achnatherum hymenoides,4.4,19,2.21
54,a,Elymus elymoides,3.2,20,2.21
56,d,Pseudoroegneria spicata,4.4,23,2.21
61,b,PG09,2.6,21,2.22
56,d,Poa secunda,7,10,2.23
60,d,Hesperostipa comata,5.9,24,2.23
62,c,PG11,3.9,21,2.23
53,a,Poa secunda,3.7,10,2.24
55,b,Poa secunda,3.6,17,2.24
56,a,Poa secunda,7.2,9,2.24
57,a,Poa secunda,3.5,16,2.24
57,c,Poa secunda,3.6,15,2.24
65,d,Hesperostipa comata,2.9,17,2.24
58,c,Elymus elymoides,5.1,16,2.25
52,a,Hesperostipa comata,9,17,2.26
52,b,Elymus elymoides,3.4,21,2.26
53,a,Poa secunda,0.5,8,2.26
54,a,Elymus elymoides,4.9,13,2.26
55,d,Poa secunda,5.5,14,2.26
61,d,agropyron cristatum,3,43,2.26
63,d,Poa secunda,3,5,2.27
53,a,Elymus elymoides,2.4,9,2.28
54,a,Elymus elymoides,2.3,16,2.28
53,b,Poa secunda,5.6,13,2.29
56,b,Hesperostipa comata,4.4,17,2.29
62,c,PG11,3,19,2.29
53,d,Elymus elymoides,2.4,22,2.3
64,a,Hesperostipa comata,3.8,21,2.3
54,a,Elymus elymoides,2.4,10,2.31
53,a,Poa secunda,6.6,13,2.32
57,a,Poa secunda,3.3,13,2.32
65,d,Hesperostipa comata,4,26,2.32
64,b,Achnatherum hymenoides,2.6,40,2.34
52,c,Achnatherum hymenoides,1.7,29,2.35
53,a,Poa secunda,2.3,8,2.35
67,d,Pseudoroegneria spicata,5.1,16,2.35
58,d,Elymus elymoides,3.2,18,2.36
63,c,PG15,2.6,13,2.37
54,a,Elymus elymoides,2,30,2.38
55,b,Poa secunda,2.6,16,2.38
60,c,Hesperostipa comata,3.7,24,2.39
58,a,Poa secunda,2.5,14,2.4
58,c,Elymus elymoides,5,22,2.4
56,d,Poa secunda,11.2,4,2.41
55,c,Achnatherum hymenoides,2.8,22,2.42
64,d,Achnatherum hymenoides,2,27,2.42
56,d,Poa secunda,4.1,9,2.43
57,a,Poa secunda,4.3,23,2.44
66,c,Elymus elymoides,2.7,17,2.45
63,a,Elymus elymoides,4.7,20,2.46
65,c,Hesperostipa comata,2.8,18,2.46
67,d,Poa secunda,5.5,6,2.46
58,b,Poa secunda,5.4,17,2.47
58,b,Poa secunda,2.4,14,2.47
61,b,PG09,5,23,2.47
55,d,Poa secunda,5.5,15,2.48
57,c,Poa secunda,3.7,6,2.48
66,d,Poa secunda,1.7,11,2.49
52,c,Achnatherum hymenoides,3.7,14,2.5
58,b,Poa secunda,3.4,14,2.5
55,d,Poa secunda,3.9,19,2.51
57,a,Poa secunda,2,6,2.51
66,c,Poa secunda,2.3,19,2.51
65,c,Hesperostipa comata,4.1,23,2.53
64,a,Achnatherum hymenoides,4.6,28,2.54
64,c,Poa secunda,2.3,19,2.54
67,a,Pseudoroegneria spicata,2.1,26,2.54
54,a,Elymus elymoides,1.7,21,2.57
55,b,Poa secunda,3.8,17,2.57
63,d,Poa secunda,2.3,7,2.57
54,d,Achnatherum hymenoides,3.1,19,2.58
59,c,Poa secunda,2,12,2.58
65,d,Hesperostipa comata,4.8,16,2.58
52,c,Elymus elymoides,4.3,12,2.59
54,b,Achnatherum hymenoides,2.6,19,2.6
56,d,Pseudoroegneria spicata,6.7,25,2.6
58,b,Poa secunda,3.2,16,2.62
54,a,Elymus elymoides,1.9,29,2.63
66,c,Poa secunda,1.7,11,2.64
54,d,Achnatherum hymenoides,2.6,23,2.65
64,d,Poa secunda,3.3,19,2.66
64,c,Poa secunda,2.5,15,2.67
52,d,Achnatherum hymenoides,3.4,20,2.68
58,b,Achnatherum hymenoides,1.8,24,2.68
64,d,Poa secunda,2.4,15,2.69
52,c,Hesperostipa comata,2.8,16,2.7
64,b,Poa secunda,3.8,9,2.7
65,b,PG20,8.2,14,2.71
52,d,Achnatherum hymenoides,2.6,21,2.72
60,b,Poa secunda,4.6,7,2.72
58,d,Achnatherum hymenoides,2,28,2.73
59,a,Pseudoroegneria spicata,2.9,24,2.73
55,a,Poa secunda,2.7,17,2.75
53,a,Poa secunda,4.3,7,2.76
55,d,Poa secunda,5.4,20,2.76
54,a,Elymus elymoides,2.4,17,2.77
56,a,Poa secunda,4.2,8,2.77
62,a,PG11,6.1,28,2.77
54,d,Elymus elymoides,3.6,17,2.78
66,c,Elymus elymoides,1.7,21,2.78
59,b,Pseudoroegneria spicata,5.8,35,2.79
57,d,Poa secunda,3.2,13,2.81
57,d,PG05,4.3,18,2.82
52,c,Hesperostipa comata,3.1,19,2.83
54,c,Elymus elymoides,1.4,25,2.85
64,d,Achnatherum hymenoides,3.3,20,2.85
52,d,Poa secunda,4.5,12,2.86
53,d,Poa secunda,3.3,8,2.86
62,c,Poa secunda,4.7,22,2.88
54,d,Elymus elymoides,1.7,23,2.89
54,a,Elymus elymoides,7.4,10,2.91
54,d,Elymus elymoides,3.3,19,2.91
58,b,Poa secunda,3,20,2.91
64,d,Poa secunda,1.6,17,2.91
53,a,Poa secunda,5.1,8,2.92
58,d,Achnatherum hymenoides,4.4,29,2.94
64,b,Achnatherum hymenoides,1.9,47,2.94
66,a,Elymus elymoides,1.6,19,2.94
55,d,Achnatherum hymenoides,2.5,24,2.96
54,b,Achnatherum hymenoides,5.1,17,2.98
59,a,Poa secunda,2.3,17,2.98
67,b,Poa secunda,3.1,17,2.98
64,d,Elymus elymoides,2.9,26,2.99
54,a,Elymus elymoides,5.3,12,3
55,c,Poa secunda,2.7,21,3.01
55,d,Poa secunda,5,18,3.01
58,d,Achnatherum hymenoides,2.5,26,3.01
64,c,Elymus elymoides,2.7,21,3.01
58,b,Achnatherum hymenoides,3.1,26,3.03
52,a,Elymus elymoides,3.1,23,3.04
54,c,Achnatherum hymenoides,1.1,27,3.04
58,c,Elymus elymoides,3.3,30,3.07
66,d,Poa secunda,4.1,14,3.08
64,b,Achnatherum hymenoides,0.9,42,3.09
61,b,PG09,2.4,24,3.1
56,d,Poa secunda,6,7,3.11
64,c,Poa secunda,1.8,24,3.13
64,d,Poa secunda,2,12,3.13
67,b,Poa secunda,3.8,12,3.14
58,c,Elymus elymoides,1.8,32,3.16
66,c,Elymus elymoides,1.7,21,3.16
67,c,Poa fendleriana,2.9,19,3.16
56,b,Poa secunda,9,18,3.17
52,a,Achnatherum hymenoides,4.4,24,3.18
64,d,Poa secunda,2.8,21,3.18
64,a,Poa secunda,3.5,23,3.19
54,c,Poa secunda,6.1,17,3.24
66,c,Elymus elymoides,2.4,22,3.25
55,d,Poa secunda,4.7,17,3.26
59,c,Poa secunda,3.9,19,3.26
67,b,Achnatherum hymenoides,5.2,29,3.27
58,c,Achnatherum hymenoides,3.6,35,3.29
56,d,Achnatherum hymenoides,6,7,3.31
52,d,Hesperostipa comata,2.3,20,3.34
60,a,Poa secunda,3.5,21,3.34
67,c,Elymus elymoides,6.4,16,3.35
54,b,Achnatherum hymenoides,2.1,21,3.38
54,d,Achnatherum hymenoides,1.6,25,3.39
58,b,Poa secunda,3,17,3.42
64,c,Poa secunda,3.6,15,3.42
52,d,Achnatherum hymenoides,2,22,3.43
54,c,Poa secunda,4.1,17,3.43
62,b,Pseudoroegneria spicata,6.3,22,3.46
64,d,Poa secunda,3.1,11,3.46
67,c,Poa secunda,4.1,9,3.49
61,b,PG09,1.9,22,3.52
53,d,Poa secunda,4,9,3.55
58,b,Poa secunda,6.2,12,3.56
66,a,Elymus elymoides,1.2,25,3.58
52,d,Poa secunda,3,19,3.66
54,b,Achnatherum hymenoides,1.6,22,3.66
52,d,Poa secunda,6.2,21,3.69
65,d,Hesperostipa comata,4.1,24,3.69
54,a,Elymus elymoides,2.6,19,3.76
59,a,Poa secunda,7,13,3.81
60,b,Hesperostipa comata,3.5,17,3.83
53,c,PG03,4.6,17,3.84
67,a,Poa secunda,6.1,16,3.85
63,d,Poa secunda,3.8,15,3.87
66,b,Achnatherum hymenoides,4.8,28,3.87
55,a,Achnatherum hymenoides,4.2,32,3.91
54,b,Achnatherum hymenoides,2.8,24,3.94
59,c,Poa secunda,7.8,20,3.96
54,b,Elymus elymoides,0.2,19,4
58,c,Achnatherum hymenoides,3.1,38,4
55,c,Poa secunda,7,17,4.02
56,d,Poa secunda,14.8,13,4.02
55,d,Poa secunda,5.5,21,4.06
64,a,Elymus elymoides,2.6,21,4.07
62,d,PG12,3.4,19,4.08
55,a,Poa secunda,3.8,25,4.1
57,a,Poa secunda,8,8,4.1
58,a,Poa secunda,2.4,31,4.17
52,d,Achnatherum hymenoides,3.6,25,4.18
54,a,Elymus elymoides,6.1,10,4.21
67,a,Elymus elymoides,3.2,31,4.22
63,c,Poa secunda,3.7,14,4.26
63,a,PG15,4.7,28,4.29
52,d,Hesperostipa comata,6.2,20,4.3
52,d,Hesperostipa comata,3.6,28,4.32
67,d,Poa secunda,5.2,24,4.33
55,d,Poa secunda,7.2,17,4.37
58,d,Achnatherum hymenoides,2.9,37,4.38
65,a,Hesperostipa comata,6.5,20,4.43
54,d,Elymus elymoides,3.4,24,4.45
58,c,Elymus elymoides,5.1,25,4.45
54,d,Elymus elymoides,4.3,22,4.52
58,d,Elymus elymoides,3.2,31,4.57
52,a,Achnatherum hymenoides,2.3,25,4.59
57,b,PG05,8.4,21,4.61
52,d,Achnatherum hymenoides,2,20,4.63
55,c,Poa secunda,4,21,4.66
55,a,Elymus elymoides,4,21,4.69
55,b,Poa secunda,3.3,12,4.7
58,c,Achnatherum hymenoides,4.2,22,4.84
52,d,Hesperostipa comata,2.6,25,4.85
58,d,Achnatherum hymenoides,2.6,40,4.94
55,c,Poa secunda,5.7,18,4.98
66,d,Poa secunda,7,13,5.03
55,d,Poa secunda,4,20,5.07
52,b,Elymus elymoides,9.9,29,5.08
55,c,Achnatherum hymenoides,4.9,27,5.1
58,d,Achnatherum hymenoides,4.3,38,5.16
66,d,Poa secunda,3.3,13,5.17
63,c,PG15,4,22,5.27
56,d,Achnatherum hymenoides,5,20,5.28
54,c,Poa secunda,2.1,28,5.29
58,d,Achnatherum hymenoides,4,25,5.34
54,a,Elymus elymoides,3.2,20,5.45
64,d,Poa secunda,4.1,15,5.5
64,b,Achnatherum hymenoides,2.5,49,5.62
52,a,Poa secunda,5.5,24,5.64
58,d,Achnatherum hymenoides,3.3,33,5.85
54,b,Achnatherum hymenoides,2.8,33,5.92
54,d,Achnatherum hymenoides,3.5,33,6.13
62,a,agropyron cristatum,3.2,39,6.27
55,c,Poa secunda,3.7,29,6.29
61,a,PG09,6.4,21,6.4
59,d,Pseudoroegneria spicata,6.1,20,6.47
52,d,Achnatherum hymenoides,3.6,22,6.71
64,d,Poa secunda,5.4,20,6.72
66,d,Achnatherum hymenoides,4.5,23,6.75
55,b,Poa secunda,5,21,7.25
67,c,Poa fendleriana,6.7,15,7.33
65,b,PG20,8.1,25,7.49
58,d,Achnatherum hymenoides,5.6,43,7.53
55,c,Poa secunda,6.1,16,7.71
58,a,Poa secunda,3.5,23,7.75
52,d,Elymus elymoides,4.4,27,7.86
55,c,Poa secunda,5.4,21,8.04
52,d,Hesperostipa comata,2.8,24,8.05
67,b,Poa secunda,4,16,8.09
52,b,Elymus elymoides,4.7,38,9.22
64,b,Achnatherum hymenoides,4.1,49,9.44
58,d,Achnatherum hymenoides,9.6,26,10.5
55,c,Poa secunda,5.7,26,11.62
58,c,Achnatherum hymenoides,5.1,37,12.67
66,d,Poa secunda,3.6,20,13.48
58,c,Achnatherum hymenoides,4.4,32,13.99
54,d,Elymus elymoides,7.1,25,14.83
67,d,Poa fendleriana,4.2,29,16.25
52,b,Elymus elymoides,0.1,8,0.009
54,b,Elymus elymoides,0.1,10,0.009
56,b,Poa secunda,0.6,2,0.009
57,a,Poa secunda,0.2,4,0.009
58,b,Poa secunda,0.6,3,0.009
59,d,Poa secunda,0.4,4,0.009
60,a,Poa secunda,0.4,1,0.009
62,a,Poa secunda,0.4,3,0.009
62,a,Poa secunda,0.2,3,0.009
62,b,Poa secunda,0.5,3,0.009
67,a,Poa secunda,0.5,5,0.009
67,b,Poa secunda,0.4,2,0.009
67,c,Poa secunda,0.4,1,0.009
67,c,Poa secunda,0.5,1,0.009
68,a,Poa secunda,0.7,3,0.009
68,b,Poa secunda,0.4,6,0.009
68,d,Poa secunda,0.6,2,0.009
68,d,Poa secunda,0.6,2,0.009
